-- MySQL dump 10.13  Distrib 8.0.32, for macos12.6 (x86_64)
--
-- Host: localhost    Database: ict_ncdmb
-- ------------------------------------------------------
-- Server version	8.0.32

/*!40101 SET @OLD_CHARACTER_SET_CLIENT=@@CHARACTER_SET_CLIENT */;
/*!40101 SET @OLD_CHARACTER_SET_RESULTS=@@CHARACTER_SET_RESULTS */;
/*!40101 SET @OLD_COLLATION_CONNECTION=@@COLLATION_CONNECTION */;
/*!50503 SET NAMES utf8mb4 */;
/*!40103 SET @OLD_TIME_ZONE=@@TIME_ZONE */;
/*!40103 SET TIME_ZONE='+00:00' */;
/*!40014 SET @OLD_UNIQUE_CHECKS=@@UNIQUE_CHECKS, UNIQUE_CHECKS=0 */;
/*!40014 SET @OLD_FOREIGN_KEY_CHECKS=@@FOREIGN_KEY_CHECKS, FOREIGN_KEY_CHECKS=0 */;
/*!40101 SET @OLD_SQL_MODE=@@SQL_MODE, SQL_MODE='NO_AUTO_VALUE_ON_ZERO' */;
/*!40111 SET @OLD_SQL_NOTES=@@SQL_NOTES, SQL_NOTES=0 */;

--
-- Table structure for table `activity_logs`
--

DROP TABLE IF EXISTS `activity_logs`;
/*!40101 SET @saved_cs_client     = @@character_set_client */;
/*!50503 SET character_set_client = utf8mb4 */;
CREATE TABLE `activity_logs` (
  `id` bigint unsigned NOT NULL AUTO_INCREMENT,
  `staff_id` bigint unsigned NOT NULL,
  `activity` varchar(255) COLLATE utf8mb4_unicode_ci NOT NULL,
  `created_at` timestamp NULL DEFAULT NULL,
  `updated_at` timestamp NULL DEFAULT NULL,
  PRIMARY KEY (`id`),
  KEY `activity_logs_staff_id_foreign` (`staff_id`),
  CONSTRAINT `activity_logs_staff_id_foreign` FOREIGN KEY (`staff_id`) REFERENCES `staff` (`id`)
) ENGINE=InnoDB AUTO_INCREMENT=234 DEFAULT CHARSET=utf8mb4 COLLATE=utf8mb4_unicode_ci;
/*!40101 SET character_set_client = @saved_cs_client */;

--
-- Dumping data for table `activity_logs`
--

LOCK TABLES `activity_logs` WRITE;
/*!40000 ALTER TABLE `activity_logs` DISABLE KEYS */;
INSERT INTO `activity_logs` VALUES (1,1,'Password reset','2023-05-26 13:58:43','2023-05-26 13:58:43'),(2,1,'Logged in','2023-05-26 18:30:36','2023-05-26 18:30:36'),(3,1,'Created DDD','2023-05-26 18:31:19','2023-05-26 18:31:19'),(4,1,'Created Staff','2023-05-26 18:36:09','2023-05-26 18:36:09'),(5,1,'Created Staff','2023-05-26 18:37:58','2023-05-26 18:37:58'),(6,350,'Logged out','2023-05-26 18:52:59','2023-05-26 18:52:59'),(7,1,'Logged in','2023-05-26 18:53:08','2023-05-26 18:53:08'),(8,1,'Updated Staff','2023-05-26 18:53:19','2023-05-26 18:53:19'),(9,1,'Updated Staff','2023-05-26 19:17:02','2023-05-26 19:17:02'),(10,1,'Updated DDD','2023-05-26 19:17:42','2023-05-26 19:17:42'),(11,1,'Updated Staff','2023-05-26 19:21:06','2023-05-26 19:21:06'),(12,1,'Created Staff','2023-05-26 19:30:32','2023-05-26 19:30:32'),(13,1,'Created Staff','2023-05-26 19:31:54','2023-05-26 19:31:54'),(14,1,'Logged in','2023-05-27 11:11:47','2023-05-27 11:11:47'),(15,1,'Created Staff','2023-05-27 11:16:08','2023-05-27 11:16:08'),(16,1,'Created Staff','2023-05-27 11:16:35','2023-05-27 11:16:35'),(17,1,'Created Staff','2023-05-27 11:17:03','2023-05-27 11:17:03'),(18,1,'Logged in','2023-05-27 18:32:25','2023-05-27 18:32:25'),(19,1,'Logged in','2023-05-29 18:27:08','2023-05-29 18:27:08'),(20,1,'Created Item','2023-05-29 18:27:33','2023-05-29 18:27:33'),(21,1,'Created Inventory Item','2023-05-29 18:27:44','2023-05-29 18:27:44'),(22,1,'Created Item Distribution','2023-05-29 18:28:44','2023-05-29 18:28:44'),(23,1,'Created Item Distribution','2023-05-29 18:29:00','2023-05-29 18:29:00'),(24,1,'Created Item Distribution','2023-05-29 18:30:06','2023-05-29 18:30:06'),(25,1,'Created Item Distribution','2023-05-29 18:30:13','2023-05-29 18:30:13'),(26,1,'Created Item Distribution','2023-05-29 18:30:16','2023-05-29 18:30:16'),(27,1,'Created Item Distribution','2023-05-29 18:30:19','2023-05-29 18:30:19'),(28,1,'Updated Item Distribution','2023-05-29 18:30:33','2023-05-29 18:30:33'),(29,1,'Updated Item Distribution','2023-05-29 18:30:42','2023-05-29 18:30:42'),(30,1,'Updated Item Distribution','2023-05-29 18:30:55','2023-05-29 18:30:55'),(31,1,'Updated Item Distribution','2023-05-29 18:31:00','2023-05-29 18:31:00'),(32,1,'Created Item Distribution','2023-05-29 18:51:04','2023-05-29 18:51:04'),(33,1,'Updated Inventory Item','2023-05-29 18:51:19','2023-05-29 18:51:19'),(34,1,'Created Item Distribution','2023-05-29 18:51:46','2023-05-29 18:51:46'),(35,1,'Created Item Distribution','2023-05-29 18:51:56','2023-05-29 18:51:56'),(36,1,'Created Item Distribution','2023-05-29 18:55:25','2023-05-29 18:55:25'),(37,1,'Created Item Distribution','2023-05-29 18:57:59','2023-05-29 18:57:59'),(38,1,'Created Item Distribution','2023-05-29 18:58:17','2023-05-29 18:58:17'),(39,1,'Created Inventory Item','2023-05-29 18:58:44','2023-05-29 18:58:44'),(40,1,'Created Item Distribution','2023-05-29 18:59:20','2023-05-29 18:59:20'),(41,1,'Created Item Distribution','2023-05-29 18:59:24','2023-05-29 18:59:24'),(42,1,'Created Item Distribution','2023-05-29 19:06:06','2023-05-29 19:06:06'),(43,1,'Created Item Distribution','2023-05-29 19:06:14','2023-05-29 19:06:14'),(44,1,'Created Item Distribution','2023-05-29 19:06:22','2023-05-29 19:06:22'),(45,1,'Created Item Distribution','2023-05-29 19:06:26','2023-05-29 19:06:26'),(46,1,'Created Item Distribution','2023-05-29 19:06:30','2023-05-29 19:06:30'),(47,1,'Created Item Distribution','2023-05-29 19:07:30','2023-05-29 19:07:30'),(48,1,'Created Item Distribution','2023-05-29 19:08:03','2023-05-29 19:08:03'),(49,1,'Updated Item Distribution','2023-05-29 19:17:27','2023-05-29 19:17:27'),(50,1,'Updated Item Distribution','2023-05-29 19:17:29','2023-05-29 19:17:29'),(51,1,'Updated Item Distribution','2023-05-29 19:17:32','2023-05-29 19:17:32'),(52,1,'Created Item Distribution','2023-05-29 19:51:35','2023-05-29 19:51:35'),(53,1,'Created Item Distribution','2023-05-29 19:51:44','2023-05-29 19:51:44'),(54,1,'Created Item Distribution','2023-05-29 19:51:49','2023-05-29 19:51:49'),(55,1,'Updated Item Distribution','2023-05-29 19:52:31','2023-05-29 19:52:31'),(56,1,'Updated Item Distribution','2023-05-29 19:54:15','2023-05-29 19:54:15'),(57,1,'Created Item Distribution','2023-05-29 19:54:44','2023-05-29 19:54:44'),(58,1,'Created Item Distribution','2023-05-29 19:54:48','2023-05-29 19:54:48'),(59,1,'Logged in','2023-05-29 22:47:23','2023-05-29 22:47:23'),(60,1,'Logged in','2023-05-30 09:28:45','2023-05-30 09:28:45'),(61,1,'Logged out','2023-05-30 11:36:51','2023-05-30 11:36:51'),(62,1,'Logged in','2023-05-30 11:37:20','2023-05-30 11:37:20'),(63,1,'Updated Staff','2023-05-30 11:40:44','2023-05-30 11:40:44'),(64,1,'Logged out','2023-05-30 11:41:55','2023-05-30 11:41:55'),(65,1,'Logged in','2023-05-30 11:51:53','2023-05-30 11:51:53'),(66,1,'Created Helpdesk Request','2023-05-30 12:05:01','2023-05-30 12:05:01'),(67,1,'Updated Staff','2023-05-30 12:06:17','2023-05-30 12:06:17'),(68,1,'Updated Staff','2023-05-30 12:07:12','2023-05-30 12:07:12'),(69,2,'Password reset','2023-05-30 12:07:37','2023-05-30 12:07:37'),(70,1,'Updated Helpdesk Request','2023-05-30 12:07:59','2023-05-30 12:07:59'),(71,1,'Updated Staff','2023-05-30 12:08:36','2023-05-30 12:08:36'),(72,2,'Updated Helpdesk Support','2023-05-30 12:09:30','2023-05-30 12:09:30'),(73,2,'Updated Helpdesk Support','2023-05-30 12:11:04','2023-05-30 12:11:04'),(74,1,'Created Item','2023-05-30 12:22:53','2023-05-30 12:22:53'),(75,1,'Created Inventory Item','2023-05-30 12:23:15','2023-05-30 12:23:15'),(76,1,'Created Inventory Item','2023-05-30 12:23:26','2023-05-30 12:23:26'),(77,1,'Created Item Distribution','2023-05-30 12:29:01','2023-05-30 12:29:01'),(78,1,'Updated Item Distribution','2023-05-30 12:29:32','2023-05-30 12:29:32'),(79,1,'Updated Item Distribution','2023-05-30 12:29:42','2023-05-30 12:29:42'),(80,1,'Created Item Distribution','2023-05-30 12:32:57','2023-05-30 12:32:57'),(81,1,'Updated Item Distribution','2023-05-30 12:33:09','2023-05-30 12:33:09'),(82,1,'Updated Item Distribution','2023-05-30 12:33:24','2023-05-30 12:33:24'),(83,1,'Created Item Distribution','2023-05-30 12:36:09','2023-05-30 12:36:09'),(84,2,'Created Helpdesk Request','2023-05-30 13:32:07','2023-05-30 13:32:07'),(85,1,'Updated Helpdesk Request','2023-05-30 13:35:37','2023-05-30 13:35:37'),(86,2,'Updated Helpdesk Support','2023-05-30 13:35:53','2023-05-30 13:35:53'),(87,2,'Updated Helpdesk Support','2023-05-30 13:37:06','2023-05-30 13:37:06'),(88,1,'Logged in','2023-05-30 16:00:47','2023-05-30 16:00:47'),(89,1,'Logged in','2023-05-30 18:41:49','2023-05-30 18:41:49'),(90,1,'Logged in','2023-05-31 08:11:23','2023-05-31 08:11:23'),(91,1,'Created Staff','2023-05-31 11:30:21','2023-05-31 11:30:21'),(92,1,'Updated Staff','2023-05-31 11:30:32','2023-05-31 11:30:32'),(93,1,'Deleted Staff','2023-05-31 11:30:38','2023-05-31 11:30:38'),(94,1,'Updated Staff','2023-05-31 13:31:57','2023-05-31 13:31:57'),(95,1,'Updated Staff','2023-05-31 13:32:19','2023-05-31 13:32:19'),(96,1,'Updated Staff','2023-05-31 13:59:27','2023-05-31 13:59:27'),(97,1,'Logged in','2023-06-01 07:59:18','2023-06-01 07:59:18'),(98,1,'Updated Staff','2023-06-01 08:06:51','2023-06-01 08:06:51'),(99,1,'Logged in','2023-06-01 12:04:21','2023-06-01 12:04:21'),(100,1,'Created Office','2023-06-01 12:57:03','2023-06-01 12:57:03'),(101,1,'Updated Office','2023-06-01 13:04:25','2023-06-01 13:04:25'),(102,1,'Updated Office','2023-06-01 13:04:37','2023-06-01 13:04:37'),(103,1,'Updated Office','2023-06-01 13:04:49','2023-06-01 13:04:49'),(104,1,'Updated Office','2023-06-01 13:04:56','2023-06-01 13:04:56'),(105,1,'Logged in','2023-06-05 10:31:05','2023-06-05 10:31:05'),(106,1,'Updated Office','2023-06-05 10:32:17','2023-06-05 10:32:17'),(107,1,'Updated Office','2023-06-05 10:32:26','2023-06-05 10:32:26'),(108,1,'Logged in','2023-06-10 17:36:46','2023-06-10 17:36:46'),(109,1,'Logged in','2023-06-11 07:03:08','2023-06-11 07:03:08'),(110,1,'Created Office','2023-06-11 07:07:10','2023-06-11 07:07:10'),(111,1,'Created Office','2023-06-11 07:07:14','2023-06-11 07:07:14'),(112,1,'Created Office','2023-06-11 07:07:16','2023-06-11 07:07:16'),(113,1,'Created Office','2023-06-11 07:07:30','2023-06-11 07:07:30'),(114,1,'Created Office','2023-06-11 07:07:33','2023-06-11 07:07:33'),(115,1,'Created Office','2023-06-11 07:07:37','2023-06-11 07:07:37'),(116,1,'Updated Office','2023-06-11 07:08:00','2023-06-11 07:08:00'),(117,1,'Updated Office','2023-06-11 07:08:13','2023-06-11 07:08:13'),(118,1,'Updated Office','2023-06-11 07:08:21','2023-06-11 07:08:21'),(119,1,'Created Office','2023-06-11 07:09:24','2023-06-11 07:09:24'),(120,1,'Created Office','2023-06-11 07:09:27','2023-06-11 07:09:27'),(121,1,'Created Office','2023-06-11 07:09:29','2023-06-11 07:09:29'),(122,1,'Created Item','2023-06-11 08:04:20','2023-06-11 08:04:20'),(123,1,'Created Inventory Item','2023-06-11 08:04:39','2023-06-11 08:04:39'),(124,1,'Created Item Distribution','2023-06-11 08:05:16','2023-06-11 08:05:16'),(125,1,'Created Item Distribution','2023-06-11 08:07:18','2023-06-11 08:07:18'),(126,1,'Created Item Distribution','2023-06-11 09:25:28','2023-06-11 09:25:28'),(127,1,'Updated Staff','2023-06-11 09:26:01','2023-06-11 09:26:01'),(128,1,'Logged in','2023-06-11 11:30:46','2023-06-11 11:30:46'),(129,1,'Logged in','2023-06-12 11:52:29','2023-06-12 11:52:29'),(130,1,'Updated Inventory Item','2023-06-12 12:09:34','2023-06-12 12:09:34'),(131,1,'Created Item Distribution','2023-06-12 12:09:59','2023-06-12 12:09:59'),(132,1,'Logged in','2023-06-12 14:31:51','2023-06-12 14:31:51'),(133,1,'Logged in','2023-06-13 08:01:41','2023-06-13 08:01:41'),(134,1,'Logged in','2023-06-13 16:33:02','2023-06-13 16:33:02'),(135,1,'Created Item Distribution','2023-06-13 18:51:13','2023-06-13 18:51:13'),(136,1,'Updated Inventory Item','2023-06-13 18:51:49','2023-06-13 18:51:49'),(137,1,'Created Item Distribution','2023-06-13 18:52:00','2023-06-13 18:52:00'),(138,1,'Logged in','2023-06-14 08:29:44','2023-06-14 08:29:44'),(139,1,'Updated Inventory Item','2023-06-14 09:03:43','2023-06-14 09:03:43'),(140,1,'Created Item Distribution','2023-06-14 09:04:18','2023-06-14 09:04:18'),(141,1,'Created Item Distribution','2023-06-14 09:04:33','2023-06-14 09:04:33'),(142,1,'Updated Item Distribution','2023-06-14 09:10:58','2023-06-14 09:10:58'),(143,1,'Updated Item Distribution','2023-06-14 09:11:20','2023-06-14 09:11:20'),(144,1,'Deleted Item Distribution','2023-06-14 09:11:26','2023-06-14 09:11:26'),(145,1,'Logged in','2023-06-14 12:59:20','2023-06-14 12:59:20'),(146,1,'Logged in','2023-06-14 15:40:49','2023-06-14 15:40:49'),(147,1,'Created Item','2023-06-14 15:41:37','2023-06-14 15:41:37'),(148,1,'Created Item','2023-06-14 15:42:09','2023-06-14 15:42:09'),(149,1,'Updated Item Distribution','2023-06-14 16:33:17','2023-06-14 16:33:17'),(150,1,'Updated Item Distribution','2023-06-14 16:57:14','2023-06-14 16:57:14'),(151,1,'Logged in','2023-06-17 08:29:08','2023-06-17 08:29:08'),(152,1,'Logged in','2023-06-18 20:41:29','2023-06-18 20:41:29'),(153,1,'Updated Staff','2023-06-18 20:41:56','2023-06-18 20:41:56'),(154,1,'Logged in','2023-07-03 18:45:13','2023-07-03 18:45:13'),(155,1,'Password changed','2023-07-03 18:50:53','2023-07-03 18:50:53'),(156,1,'Logged out','2023-07-03 18:50:58','2023-07-03 18:50:58'),(157,1,'Logged in','2023-07-03 18:51:09','2023-07-03 18:51:09'),(158,1,'Password changed','2023-07-03 18:51:25','2023-07-03 18:51:25'),(159,1,'Logged in','2023-07-04 09:55:05','2023-07-04 09:55:05'),(160,1,'Created Inventory Item','2023-07-04 12:04:30','2023-07-04 12:04:30'),(161,1,'Created Inventory Item','2023-07-04 12:04:37','2023-07-04 12:04:37'),(162,1,'Created Inventory Item','2023-07-04 12:04:56','2023-07-04 12:04:56'),(163,1,'Created Inventory Item','2023-07-04 12:05:21','2023-07-04 12:05:21'),(164,1,'Created Inventory Item','2023-07-04 12:05:27','2023-07-04 12:05:27'),(165,1,'Created Inventory Item','2023-07-04 12:05:33','2023-07-04 12:05:33'),(166,1,'Created Inventory Item','2023-07-04 12:05:41','2023-07-04 12:05:41'),(167,1,'Created Inventory Item','2023-07-04 12:05:48','2023-07-04 12:05:48'),(168,1,'Created Inventory Item','2023-07-04 12:05:55','2023-07-04 12:05:55'),(169,1,'Created Inventory Item','2023-07-04 12:06:01','2023-07-04 12:06:01'),(170,1,'Created Inventory Item','2023-07-04 12:06:23','2023-07-04 12:06:23'),(171,1,'Created Inventory Item','2023-07-04 12:06:34','2023-07-04 12:06:34'),(172,1,'Created Inventory Item','2023-07-04 12:06:39','2023-07-04 12:06:39'),(173,1,'Created Inventory Item','2023-07-04 12:06:45','2023-07-04 12:06:45'),(174,1,'Created Inventory Item','2023-07-04 12:06:51','2023-07-04 12:06:51'),(175,1,'Created Inventory Item','2023-07-04 12:06:56','2023-07-04 12:06:56'),(176,1,'Created Inventory Item','2023-07-04 12:07:02','2023-07-04 12:07:02'),(177,1,'Logged in','2023-07-05 09:09:42','2023-07-05 09:09:42'),(178,1,'Logged in','2023-07-06 09:23:12','2023-07-06 09:23:12'),(179,1,'Updated Staff','2023-07-06 10:56:49','2023-07-06 10:56:49'),(180,2,'Logged in','2023-07-06 10:57:04','2023-07-06 10:57:04'),(181,2,'Logged in','2023-07-07 09:33:39','2023-07-07 09:33:39'),(182,1,'Logged in','2023-07-07 09:42:12','2023-07-07 09:42:12'),(183,2,'Logged in','2023-07-08 11:11:50','2023-07-08 11:11:50'),(184,2,'Password changed','2023-07-08 11:12:06','2023-07-08 11:12:06'),(185,1,'Logged in','2023-07-08 11:13:02','2023-07-08 11:13:02'),(186,1,'Logged in','2023-07-10 07:55:54','2023-07-10 07:55:54'),(187,2,'Logged in','2023-07-10 07:56:09','2023-07-10 07:56:09'),(188,1,'Logged in','2023-07-10 11:32:06','2023-07-10 11:32:06'),(189,1,'Updated Staff','2023-07-10 11:32:23','2023-07-10 11:32:23'),(190,2,'Password reset','2023-07-10 11:32:57','2023-07-10 11:32:57'),(191,1,'Logged in','2023-07-12 08:26:42','2023-07-12 08:26:42'),(192,1,'Updated Staff','2023-07-12 08:52:32','2023-07-12 08:52:32'),(193,1,'Logged in','2023-07-12 09:07:42','2023-07-12 09:07:42'),(194,1,'Logged out','2023-07-12 09:07:48','2023-07-12 09:07:48'),(195,2,'Logged in','2023-07-12 09:07:57','2023-07-12 09:07:57'),(196,1,'Updated Staff','2023-07-12 10:59:53','2023-07-12 10:59:53'),(197,2,'Logged out','2023-07-12 12:55:31','2023-07-12 12:55:31'),(198,1,'Updated Staff','2023-07-12 12:56:06','2023-07-12 12:56:06'),(199,1,'Updated Staff','2023-07-12 13:18:49','2023-07-12 13:18:49'),(200,1,'Updated Staff','2023-07-12 13:19:50','2023-07-12 13:19:50'),(201,353,'Password reset','2023-07-12 13:20:25','2023-07-12 13:20:25'),(202,1,'Updated Staff','2023-07-12 13:24:59','2023-07-12 13:24:59'),(203,1,'Logged in','2023-07-17 10:24:58','2023-07-17 10:24:58'),(204,1,'Logged out','2023-07-17 10:26:07','2023-07-17 10:26:07'),(205,353,'Logged in','2023-07-17 10:26:14','2023-07-17 10:26:14'),(206,353,'Logged out','2023-07-17 10:32:34','2023-07-17 10:32:34'),(207,1,'Logged in','2023-07-17 10:32:42','2023-07-17 10:32:42'),(208,1,'Updated Staff','2023-07-17 10:32:58','2023-07-17 10:32:58'),(209,1,'Logged out','2023-07-17 10:33:04','2023-07-17 10:33:04'),(210,353,'Logged in','2023-07-17 10:33:15','2023-07-17 10:33:15'),(211,353,'Logged out','2023-07-17 10:34:26','2023-07-17 10:34:26'),(212,353,'Logged in','2023-07-17 10:34:33','2023-07-17 10:34:33'),(213,353,'Logged out','2023-07-17 10:35:29','2023-07-17 10:35:29'),(214,353,'Logged in','2023-07-17 10:35:35','2023-07-17 10:35:35'),(215,353,'Logged out','2023-07-17 10:37:16','2023-07-17 10:37:16'),(216,353,'Logged in','2023-07-17 10:37:34','2023-07-17 10:37:34'),(217,353,'Logged out','2023-07-17 10:40:05','2023-07-17 10:40:05'),(218,353,'Logged out','2023-07-17 10:41:00','2023-07-17 10:41:00'),(219,353,'Logged out','2023-07-17 10:41:33','2023-07-17 10:41:33'),(220,353,'Logged out','2023-07-17 10:42:03','2023-07-17 10:42:03'),(221,353,'Logged out','2023-07-17 10:46:57','2023-07-17 10:46:57'),(222,353,'Logged in','2023-07-17 10:47:04','2023-07-17 10:47:04'),(223,353,'Logged out','2023-07-17 11:13:47','2023-07-17 11:13:47'),(224,1,'Logged in','2023-07-17 11:13:54','2023-07-17 11:13:54'),(225,1,'Updated Staff','2023-07-17 11:14:08','2023-07-17 11:14:08'),(226,1,'Logged out','2023-07-17 11:14:31','2023-07-17 11:14:31'),(227,353,'Logged in','2023-07-17 11:14:42','2023-07-17 11:14:42'),(228,353,'Logged out','2023-07-17 11:18:59','2023-07-17 11:18:59'),(229,1,'Logged in','2023-07-17 11:19:11','2023-07-17 11:19:11'),(230,1,'Updated Staff','2023-07-17 11:19:21','2023-07-17 11:19:21'),(231,1,'Logged out','2023-07-17 11:19:25','2023-07-17 11:19:25'),(232,353,'Logged in','2023-07-17 11:19:31','2023-07-17 11:19:31'),(233,1,'Logged in','2023-07-18 08:08:14','2023-07-18 08:08:14');
/*!40000 ALTER TABLE `activity_logs` ENABLE KEYS */;
UNLOCK TABLES;

--
-- Table structure for table `ddds`
--

DROP TABLE IF EXISTS `ddds`;
/*!40101 SET @saved_cs_client     = @@character_set_client */;
/*!50503 SET character_set_client = utf8mb4 */;
CREATE TABLE `ddds` (
  `id` bigint unsigned NOT NULL AUTO_INCREMENT,
  `name` varchar(255) COLLATE utf8mb4_unicode_ci NOT NULL,
  `short` varchar(255) COLLATE utf8mb4_unicode_ci NOT NULL,
  `category` varchar(255) COLLATE utf8mb4_unicode_ci NOT NULL,
  `floor` varchar(255) COLLATE utf8mb4_unicode_ci NOT NULL,
  `created_at` timestamp NULL DEFAULT NULL,
  `updated_at` timestamp NULL DEFAULT NULL,
  PRIMARY KEY (`id`)
) ENGINE=InnoDB AUTO_INCREMENT=25 DEFAULT CHARSET=utf8mb4 COLLATE=utf8mb4_unicode_ci;
/*!40101 SET character_set_client = @saved_cs_client */;

--
-- Dumping data for table `ddds`
--

LOCK TABLES `ddds` WRITE;
/*!40000 ALTER TABLE `ddds` DISABLE KEYS */;
INSERT INTO `ddds` VALUES (1,'Information Communication Technology','ICT','Division','2nd Floor','2023-04-18 14:38:40','2023-04-18 14:38:40'),(2,'Capacity Building','CBD','Directorate','9th Floor','2023-04-18 14:41:23','2023-05-26 09:54:11'),(3,'Finance & Personnel Management','FPMD','Directorate','13th Floor','2023-04-19 08:45:23','2023-04-19 08:45:23'),(4,'Corporate Services','CSD','Directorate','12th Floor','2023-04-19 08:45:23','2023-04-19 08:45:23'),(5,'Monitoring & Evaluation','MED','Directorate','10th Floor','2023-04-19 08:45:23','2023-04-19 08:45:23'),(6,'Planning, Research & Statistics','PRSD','Directorate','11th Floor','2023-04-19 08:45:23','2023-05-26 10:07:05'),(7,'Legal Services','DLS','Directorate','14th Floor','2023-04-19 08:45:23','2023-05-26 10:09:49'),(8,'Project Certification & Authorization','PCAD','Directorate','12th Floor','2023-04-19 08:45:23','2023-04-19 08:45:23'),(9,'Corporate Communications & Zonal Coordination','ZCCD','Division','9th Floor','2023-04-19 08:45:23','2023-05-26 10:08:40'),(10,'Executive Secretary\'s Office','ESO','Division','15th Floor','2023-04-19 08:45:23','2023-05-26 19:17:42'),(11,'NCDF & Treasury Management','NCDF&TM','Division','13th Floor','2023-04-19 08:45:23','2023-05-26 10:07:21'),(12,'Finance & Accounts','FAD','Division','14th Floor','2023-04-19 08:45:23','2023-04-19 08:45:23'),(13,'Human Resources','HRD','Division','13th Floor','2023-04-19 08:45:23','2023-05-26 10:11:54'),(14,'Facilities & Logistics','FLD','Division','12th Floor','2023-04-19 08:45:23','2023-04-19 08:45:23'),(15,'Health, Safety, Security & Environment','HSSE','Division','2nd Floor','2023-04-19 08:45:23','2023-04-19 08:45:23'),(16,'Strategy & Transformation Projects','STPD','Division','14th Floor','2023-04-19 08:45:23','2023-04-19 08:45:23'),(17,'Commercial Ventures','CVD','Division','11th Floor','2023-04-19 08:45:23','2023-04-19 08:45:23'),(18,'Internal Audit','IAD','Department','14th Floor','2023-04-19 08:45:23','2023-04-19 08:45:23'),(19,'Procurement','PROC','Department','14th Floor','2023-04-19 08:45:23','2023-05-26 10:36:57'),(20,'Servicom','Servicom','Department','4th Floor','2023-04-19 08:45:23','2023-04-19 08:45:23'),(21,'Servicom Helpdesk','Helpdesk','Department','Ground Floor','2023-04-19 08:45:23','2023-04-19 08:45:23'),(22,'Corporate Communications','CCD','Department','9th Floor','2023-05-26 10:20:00','2023-05-26 10:22:11'),(23,'Zonal Coordination','ZC','Department','9th Floor','2023-05-26 10:20:54','2023-05-26 10:22:06'),(24,'Technology Innovation and Incubation Center','TIIC','Department','4th Floor','2023-05-26 18:31:19','2023-05-26 18:31:19');
/*!40000 ALTER TABLE `ddds` ENABLE KEYS */;
UNLOCK TABLES;

--
-- Table structure for table `distribution_items`
--

DROP TABLE IF EXISTS `distribution_items`;
/*!40101 SET @saved_cs_client     = @@character_set_client */;
/*!50503 SET character_set_client = utf8mb4 */;
CREATE TABLE `distribution_items` (
  `id` bigint unsigned NOT NULL AUTO_INCREMENT,
  `item_id` bigint unsigned NOT NULL,
  `reference_no` varchar(255) COLLATE utf8mb4_unicode_ci DEFAULT NULL,
  `created_at` timestamp NULL DEFAULT NULL,
  `updated_at` timestamp NULL DEFAULT NULL,
  PRIMARY KEY (`id`),
  KEY `distribution_items_item_id_foreign` (`item_id`),
  CONSTRAINT `distribution_items_item_id_foreign` FOREIGN KEY (`item_id`) REFERENCES `items` (`id`)
) ENGINE=InnoDB AUTO_INCREMENT=420 DEFAULT CHARSET=utf8mb4 COLLATE=utf8mb4_unicode_ci;
/*!40101 SET character_set_client = @saved_cs_client */;

--
-- Dumping data for table `distribution_items`
--

LOCK TABLES `distribution_items` WRITE;
/*!40000 ALTER TABLE `distribution_items` DISABLE KEYS */;
INSERT INTO `distribution_items` VALUES (1,12,'NIL','2023-06-17 09:00:00','2023-06-17 09:00:00'),(2,12,'NIL','2023-06-17 09:00:00','2023-06-17 09:00:00'),(3,12,'NIL','2023-06-17 09:00:00','2023-06-17 09:00:00'),(4,12,'NIL','2023-06-17 09:00:00','2023-06-17 09:00:00'),(5,12,'NIL','2023-06-17 09:00:00','2023-06-17 09:00:00'),(6,12,'NIL','2023-06-17 09:00:00','2023-06-17 09:00:00'),(7,12,'NIL','2023-06-17 09:00:00','2023-06-17 09:00:00'),(8,12,'NIL','2023-06-17 09:00:00','2023-06-17 09:00:00'),(9,12,'NIL','2023-06-17 09:00:00','2023-06-17 09:00:00'),(10,12,'NIL','2023-06-17 09:00:00','2023-06-17 09:00:00'),(11,12,'NIL','2023-06-17 09:00:00','2023-06-17 09:00:00'),(12,12,'NIL','2023-06-17 09:00:00','2023-06-17 09:00:00'),(13,12,'NIL','2023-06-17 09:00:00','2023-06-17 09:00:00'),(14,12,'NIL','2023-06-17 09:00:00','2023-06-17 09:00:00'),(15,12,'NIL','2023-06-17 09:00:00','2023-06-17 09:00:00'),(16,12,'NIL','2023-06-17 09:00:00','2023-06-17 09:00:00'),(17,12,'NIL','2023-06-17 09:00:00','2023-06-17 09:00:00'),(18,12,'NIL','2023-06-17 09:00:00','2023-06-17 09:00:00'),(19,12,'NIL','2023-06-17 09:00:00','2023-06-17 09:00:00'),(20,12,'NIL','2023-06-17 09:00:00','2023-06-17 09:00:00'),(21,12,'NIL','2023-06-17 09:00:00','2023-06-17 09:00:00'),(22,12,'NIL','2023-06-17 09:00:00','2023-06-17 09:00:00'),(23,12,'NIL','2023-06-17 09:00:00','2023-06-17 09:00:00'),(24,12,'NIL','2023-06-17 09:00:00','2023-06-17 09:00:00'),(25,12,'NIL','2023-06-17 09:00:00','2023-06-17 09:00:00'),(26,12,'NIL','2023-06-17 09:00:00','2023-06-17 09:00:00'),(27,12,'NIL','2023-06-17 09:00:00','2023-06-17 09:00:00'),(28,12,'NIL','2023-06-17 09:00:00','2023-06-17 09:00:00'),(29,12,'NIL','2023-06-17 09:00:00','2023-06-17 09:00:00'),(30,12,'NIL','2023-06-17 09:00:00','2023-06-17 09:00:00'),(31,12,'NIL','2023-06-17 09:00:00','2023-06-17 09:00:00'),(32,12,'NIL','2023-06-17 09:00:00','2023-06-17 09:00:00'),(33,12,'NIL','2023-06-17 09:00:00','2023-06-17 09:00:00'),(34,12,'NIL','2023-06-17 09:00:00','2023-06-17 09:00:00'),(35,12,'NIL','2023-06-17 09:00:00','2023-06-17 09:00:00'),(36,12,'NIL','2023-06-17 09:00:00','2023-06-17 09:00:00'),(37,12,'NIL','2023-06-17 09:00:00','2023-06-17 09:00:00'),(38,12,'NIL','2023-06-17 09:00:00','2023-06-17 09:00:00'),(39,12,'NIL','2023-06-17 09:00:00','2023-06-17 09:00:00'),(40,12,'NIL','2023-06-17 09:00:00','2023-06-17 09:00:00'),(41,12,'NIL','2023-06-17 09:00:00','2023-06-17 09:00:00'),(42,12,'NIL','2023-06-17 09:00:00','2023-06-17 09:00:00'),(43,12,'NIL','2023-06-17 09:00:00','2023-06-17 09:00:00'),(44,12,'NIL','2023-06-17 09:00:00','2023-06-17 09:00:00'),(45,12,'NIL','2023-06-17 09:00:00','2023-06-17 09:00:00'),(46,12,'NIL','2023-06-17 09:00:00','2023-06-17 09:00:00'),(47,12,'NIL','2023-06-17 09:00:00','2023-06-17 09:00:00'),(48,12,'NIL','2023-06-17 09:00:00','2023-06-17 09:00:00'),(49,12,'NIL','2023-06-17 09:00:00','2023-06-17 09:00:00'),(50,12,'NIL','2023-06-17 09:00:00','2023-06-17 09:00:00'),(51,12,'NIL','2023-06-17 09:00:00','2023-06-17 09:00:00'),(52,12,'NIL','2023-06-17 09:00:00','2023-06-17 09:00:00'),(53,12,'NIL','2023-06-17 09:00:00','2023-06-17 09:00:00'),(54,12,'NIL','2023-06-17 09:00:00','2023-06-17 09:00:00'),(55,12,'NIL','2023-06-17 09:00:00','2023-06-17 09:00:00'),(56,12,'NIL','2023-06-17 09:00:00','2023-06-17 09:00:00'),(57,12,'NIL','2023-06-17 09:00:00','2023-06-17 09:00:00'),(58,12,'NIL','2023-06-17 09:00:00','2023-06-17 09:00:00'),(59,12,'NIL','2023-06-17 09:00:00','2023-06-17 09:00:00'),(60,12,'NIL','2023-06-17 09:00:00','2023-06-17 09:00:00'),(61,12,'NIL','2023-06-17 09:00:00','2023-06-17 09:00:00'),(62,12,'NIL','2023-06-17 09:00:00','2023-06-17 09:00:00'),(63,12,'NIL','2023-06-17 09:00:00','2023-06-17 09:00:00'),(64,12,'NIL','2023-06-17 09:00:00','2023-06-17 09:00:00'),(65,12,'NIL','2023-06-17 09:00:00','2023-06-17 09:00:00'),(66,12,'NIL','2023-06-17 09:00:00','2023-06-17 09:00:00'),(67,12,'NIL','2023-06-17 09:00:00','2023-06-17 09:00:00'),(68,12,'NIL','2023-06-17 09:00:00','2023-06-17 09:00:00'),(69,12,'NIL','2023-06-17 09:00:00','2023-06-17 09:00:00'),(70,12,'NIL','2023-06-17 09:00:00','2023-06-17 09:00:00'),(71,12,'NIL','2023-06-17 09:00:00','2023-06-17 09:00:00'),(72,12,'NIL','2023-06-17 09:00:00','2023-06-17 09:00:00'),(73,12,'NIL','2023-06-17 09:00:00','2023-06-17 09:00:00'),(74,12,'NIL','2023-06-17 09:00:00','2023-06-17 09:00:00'),(75,12,'NIL','2023-06-17 09:00:00','2023-06-17 09:00:00'),(76,12,'NIL','2023-06-17 09:00:00','2023-06-17 09:00:00'),(77,12,'NIL','2023-06-17 09:00:00','2023-06-17 09:00:00'),(78,12,'NIL','2023-06-17 09:00:00','2023-06-17 09:00:00'),(79,1,'NIL','2023-06-17 09:00:00','2023-06-17 09:00:00'),(80,1,'NIL','2023-06-17 09:00:00','2023-06-17 09:00:00'),(81,1,'NIL','2023-06-17 09:00:00','2023-06-17 09:00:00'),(82,1,'NIL','2023-06-17 09:00:00','2023-06-17 09:00:00'),(83,1,'NIL','2023-06-17 09:00:00','2023-06-17 09:00:00'),(84,1,'NIL','2023-06-17 09:00:00','2023-06-17 09:00:00'),(85,1,'NIL','2023-06-17 09:00:00','2023-06-17 09:00:00'),(86,1,'NIL','2023-06-17 09:00:00','2023-06-17 09:00:00'),(87,1,'NIL','2023-06-17 09:00:00','2023-06-17 09:00:00'),(88,1,'NIL','2023-06-17 09:00:00','2023-06-17 09:00:00'),(89,1,'NIL','2023-06-17 09:00:00','2023-06-17 09:00:00'),(90,1,'NIL','2023-06-17 09:00:00','2023-06-17 09:00:00'),(91,4,'NIL','2023-06-17 09:00:00','2023-06-17 09:00:00'),(92,4,'NIL','2023-06-17 09:00:00','2023-06-17 09:00:00'),(93,4,'NIL','2023-06-17 09:00:00','2023-06-17 09:00:00'),(94,4,'NIL','2023-06-17 09:00:00','2023-06-17 09:00:00'),(95,1,'NIL','2023-06-17 09:00:00','2023-06-17 09:00:00'),(96,1,'NIL','2023-06-17 09:00:00','2023-06-17 09:00:00'),(97,4,'NIL','2023-06-17 09:00:00','2023-06-17 09:00:00'),(98,1,'NIL','2023-06-17 09:00:00','2023-06-17 09:00:00'),(99,1,'NIL','2023-06-17 09:00:00','2023-06-17 09:00:00'),(100,1,'NIL','2023-06-17 09:00:00','2023-06-17 09:00:00'),(101,1,'NIL','2023-06-17 09:00:00','2023-06-17 09:00:00'),(102,4,'NIL','2023-06-17 09:00:00','2023-06-17 09:00:00'),(103,4,'NIL','2023-06-17 09:00:00','2023-06-17 09:00:00'),(104,4,'NIL','2023-06-17 09:00:00','2023-06-17 09:00:00'),(105,4,'NIL','2023-06-17 09:00:00','2023-06-17 09:00:00'),(106,1,'NIL','2023-06-17 09:00:00','2023-06-17 09:00:00'),(107,14,'NIL','2023-06-17 09:00:00','2023-06-17 09:00:00'),(108,14,'NIL','2023-06-17 09:00:00','2023-06-17 09:00:00'),(109,14,'NIL','2023-06-17 09:00:00','2023-06-17 09:00:00'),(110,13,'NIL','2023-06-17 09:00:00','2023-06-17 09:00:00'),(111,13,'NIL','2023-06-17 09:00:00','2023-06-17 09:00:00'),(112,13,'NIL','2023-06-17 09:00:00','2023-06-17 09:00:00'),(113,13,'NIL','2023-06-17 09:00:00','2023-06-17 09:00:00'),(114,13,'NIL','2023-06-17 09:00:00','2023-06-17 09:00:00'),(115,13,'NIL','2023-06-17 09:00:00','2023-06-17 09:00:00'),(116,13,'NIL','2023-06-17 09:00:00','2023-06-17 09:00:00'),(117,13,'NIL','2023-06-17 09:00:00','2023-06-17 09:00:00'),(118,13,'NIL','2023-06-17 09:00:00','2023-06-17 09:00:00'),(119,13,'NIL','2023-06-17 09:00:00','2023-06-17 09:00:00'),(120,13,'NIL','2023-06-17 09:00:00','2023-06-17 09:00:00'),(121,13,'NIL','2023-06-17 09:00:00','2023-06-17 09:00:00'),(122,13,'NIL','2023-06-17 09:00:00','2023-06-17 09:00:00'),(123,2,'NIL','2023-06-17 09:00:00','2023-06-17 09:00:00'),(124,13,'NIL','2023-06-17 09:00:00','2023-06-17 09:00:00'),(125,13,'NIL','2023-06-17 09:00:00','2023-06-17 09:00:00'),(126,13,'NIL','2023-06-17 09:00:00','2023-06-17 09:00:00'),(127,13,'NIL','2023-06-17 09:00:00','2023-06-17 09:00:00'),(128,13,'NIL','2023-06-17 09:00:00','2023-06-17 09:00:00'),(129,13,'NIL','2023-06-17 09:00:00','2023-06-17 09:00:00'),(130,13,'NIL','2023-06-17 09:00:00','2023-06-17 09:00:00'),(131,13,'NIL','2023-06-17 09:00:00','2023-06-17 09:00:00'),(132,13,'NIL','2023-06-17 09:00:00','2023-06-17 09:00:00'),(133,13,'NIL','2023-06-17 09:00:00','2023-06-17 09:00:00'),(134,13,'NIL','2023-06-17 09:00:00','2023-06-17 09:00:00'),(135,13,'NIL','2023-06-17 09:00:00','2023-06-17 09:00:00'),(136,2,'NIL','2023-06-17 09:00:00','2023-06-17 09:00:00'),(137,13,'NIL','2023-06-17 09:00:00','2023-06-17 09:00:00'),(138,13,'NIL','2023-06-17 09:00:00','2023-06-17 09:00:00'),(139,13,'NIL','2023-06-17 09:00:00','2023-06-17 09:00:00'),(140,13,'NIL','2023-06-17 09:00:00','2023-06-17 09:00:00'),(141,13,'NIL','2023-06-17 09:00:00','2023-06-17 09:00:00'),(142,2,'NIL','2023-06-17 09:00:00','2023-06-17 09:00:00'),(143,13,'NIL','2023-06-17 09:00:00','2023-06-17 09:00:00'),(144,13,'NIL','2023-06-17 09:00:00','2023-06-17 09:00:00'),(145,13,'NIL','2023-06-17 09:00:00','2023-06-17 09:00:00'),(146,13,'NIL','2023-06-17 09:00:00','2023-06-17 09:00:00'),(147,18,'NIL','2023-06-17 09:00:00','2023-06-17 09:00:00'),(148,2,'NIL','2023-06-17 09:00:00','2023-06-17 09:00:00'),(149,2,'NIL','2023-06-17 09:00:00','2023-06-17 09:00:00'),(150,13,'NIL','2023-06-17 09:00:00','2023-06-17 09:00:00'),(151,12,'NIL','2023-06-17 09:00:00','2023-06-17 09:00:00'),(152,6,'NIL','2023-06-17 09:00:00','2023-06-17 09:00:00'),(153,6,'NIL','2023-06-17 09:00:00','2023-06-17 09:00:00'),(154,6,'NIL','2023-06-17 09:00:00','2023-06-17 09:00:00'),(155,6,'NIL','2023-06-17 09:00:00','2023-06-17 09:00:00'),(156,6,'NIL','2023-06-17 09:00:00','2023-06-17 09:00:00'),(157,6,'NIL','2023-06-17 09:00:00','2023-06-17 09:00:00'),(158,3,'NIL','2023-06-17 09:00:00','2023-06-17 09:00:00'),(159,6,'NIL','2023-06-17 09:00:00','2023-06-17 09:00:00'),(160,6,'NIL','2023-06-17 09:00:00','2023-06-17 09:00:00'),(161,6,'NIL','2023-06-17 09:00:00','2023-06-17 09:00:00'),(162,6,'NIL','2023-06-17 09:00:00','2023-06-17 09:00:00'),(163,6,'NIL','2023-06-17 09:00:00','2023-06-17 09:00:00'),(164,6,'NIL','2023-06-17 09:00:00','2023-06-17 09:00:00'),(165,6,'NIL','2023-06-17 09:00:00','2023-06-17 09:00:00'),(166,6,'NIL','2023-06-17 09:00:00','2023-06-17 09:00:00'),(167,6,'NIL','2023-06-17 09:00:00','2023-06-17 09:00:00'),(168,6,'NIL','2023-06-17 09:00:00','2023-06-17 09:00:00'),(169,17,'NIL','2023-06-17 09:00:00','2023-06-17 09:00:00'),(170,17,'NIL','2023-06-17 09:00:00','2023-06-17 09:00:00'),(171,17,'NIL','2023-06-17 09:00:00','2023-06-17 09:00:00'),(172,17,'NIL','2023-06-17 09:00:00','2023-06-17 09:00:00'),(173,17,'NIL','2023-06-17 09:00:00','2023-06-17 09:00:00'),(174,17,'NIL','2023-06-17 09:00:00','2023-06-17 09:00:00'),(175,1,'NIL','2023-06-17 09:00:00','2023-06-17 09:00:00'),(176,1,'NIL','2023-06-17 09:00:00','2023-06-17 09:00:00'),(177,1,'NIL','2023-06-17 09:00:00','2023-06-17 09:00:00'),(178,6,'NIL','2023-06-17 09:00:00','2023-06-17 09:00:00'),(179,6,'NIL','2023-06-17 09:00:00','2023-06-17 09:00:00'),(180,6,'NIL','2023-06-17 09:00:00','2023-06-17 09:00:00'),(181,6,'NIL','2023-06-17 09:00:00','2023-06-17 09:00:00'),(182,1,'NIL','2023-06-17 09:00:00','2023-06-17 09:00:00'),(183,6,'NIL','2023-06-17 09:00:00','2023-06-17 09:00:00'),(184,6,'NIL','2023-06-17 09:00:00','2023-06-17 09:00:00'),(185,6,'NIL','2023-06-17 09:00:00','2023-06-17 09:00:00'),(186,6,'NIL','2023-06-17 09:00:00','2023-06-17 09:00:00'),(187,6,'NIL','2023-06-17 09:00:00','2023-06-17 09:00:00'),(188,6,'NIL','2023-06-17 09:00:00','2023-06-17 09:00:00'),(189,6,'NIL','2023-06-17 09:00:00','2023-06-17 09:00:00'),(190,6,'NIL','2023-06-17 09:00:00','2023-06-17 09:00:00'),(191,6,'NIL','2023-06-17 09:00:00','2023-06-17 09:00:00'),(192,1,'NIL','2023-06-17 09:00:00','2023-06-17 09:00:00'),(193,6,'NIL','2023-06-17 09:00:00','2023-06-17 09:00:00'),(194,13,'NIL','2023-06-17 09:00:00','2023-06-17 09:00:00'),(195,17,'NIL','2023-06-17 09:00:00','2023-06-17 09:00:00'),(196,17,'NIL','2023-06-17 09:00:00','2023-06-17 09:00:00'),(197,17,'NIL','2023-06-17 09:00:00','2023-06-17 09:00:00'),(198,17,'NIL','2023-06-17 09:00:00','2023-06-17 09:00:00'),(199,17,'NIL','2023-06-17 09:00:00','2023-06-17 09:00:00'),(200,17,'NIL','2023-06-17 09:00:00','2023-06-17 09:00:00'),(201,17,'NIL','2023-06-17 09:00:00','2023-06-17 09:00:00'),(202,17,'NIL','2023-06-17 09:00:00','2023-06-17 09:00:00'),(203,16,'NIL','2023-06-17 09:00:00','2023-06-17 09:00:00'),(204,16,'NIL','2023-06-17 09:00:00','2023-06-17 09:00:00'),(205,16,'NIL','2023-06-17 09:00:00','2023-06-17 09:00:00'),(206,16,'NIL','2023-06-17 09:00:00','2023-06-17 09:00:00'),(207,16,'NIL','2023-06-17 09:00:00','2023-06-17 09:00:00'),(208,1,'NIL','2023-06-17 09:00:00','2023-06-17 09:00:00'),(209,1,'NIL','2023-06-17 09:00:00','2023-06-17 09:00:00'),(210,1,'NIL','2023-06-17 09:00:00','2023-06-17 09:00:00'),(211,16,'NIL','2023-06-17 09:00:00','2023-06-17 09:00:00'),(212,1,'NIL','2023-06-17 09:00:00','2023-06-17 09:00:00'),(213,1,'NIL','2023-06-17 09:00:00','2023-06-17 09:00:00'),(214,1,'NIL','2023-06-17 09:00:00','2023-06-17 09:00:00'),(215,1,'NIL','2023-06-17 09:00:00','2023-06-17 09:00:00'),(216,17,'NIL','2023-06-17 09:00:00','2023-06-17 09:00:00'),(217,17,'NIL','2023-06-17 09:00:00','2023-06-17 09:00:00'),(218,17,'NIL','2023-06-17 09:00:00','2023-06-17 09:00:00'),(219,17,'NIL','2023-06-17 09:00:00','2023-06-17 09:00:00'),(220,17,'NIL','2023-06-17 09:00:00','2023-06-17 09:00:00'),(221,16,'NIL','2023-06-17 09:00:00','2023-06-17 09:00:00'),(222,17,'NIL','2023-06-17 09:00:00','2023-06-17 09:00:00'),(223,17,'NIL','2023-06-17 09:00:00','2023-06-17 09:00:00'),(224,17,'NIL','2023-06-17 09:00:00','2023-06-17 09:00:00'),(225,17,'NIL','2023-06-17 09:00:00','2023-06-17 09:00:00'),(226,5,'NIL','2023-06-17 09:00:00','2023-06-17 09:00:00'),(227,5,'NIL','2023-06-17 09:00:00','2023-06-17 09:00:00'),(228,1,'NIL','2023-06-17 09:00:00','2023-06-17 09:00:00'),(229,9,'NIL','2023-06-17 09:00:00','2023-06-17 09:00:00'),(230,16,'NIL','2023-06-17 09:00:00','2023-06-17 09:00:00'),(231,13,'NIL','2023-06-17 09:00:00','2023-06-17 09:00:00'),(232,9,'NIL','2023-06-17 09:00:00','2023-06-17 09:00:00'),(233,5,'NIL','2023-06-17 09:00:00','2023-06-17 09:00:00'),(234,5,'NIL','2023-06-17 09:00:00','2023-06-17 09:00:00'),(235,9,'NIL','2023-06-17 09:00:00','2023-06-17 09:00:00'),(236,1,'NIL','2023-06-17 09:00:00','2023-06-17 09:00:00'),(237,16,'NIL','2023-06-17 09:00:00','2023-06-17 09:00:00'),(238,9,'NIL','2023-06-17 09:00:00','2023-06-17 09:00:00'),(239,5,'NIL','2023-06-17 09:00:00','2023-06-17 09:00:00'),(240,9,'NIL','2023-06-17 09:00:00','2023-06-17 09:00:00'),(241,9,'NIL','2023-06-17 09:00:00','2023-06-17 09:00:00'),(242,9,'NIL','2023-06-17 09:00:00','2023-06-17 09:00:00'),(243,1,'NIL','2023-06-17 09:00:00','2023-06-17 09:00:00'),(244,9,'NIL','2023-06-17 09:00:00','2023-06-17 09:00:00'),(245,9,'NIL','2023-06-17 09:00:00','2023-06-17 09:00:00'),(246,9,'NIL','2023-06-17 09:00:00','2023-06-17 09:00:00'),(247,9,'NIL','2023-06-17 09:00:00','2023-06-17 09:00:00'),(248,9,'NIL','2023-06-17 09:00:00','2023-06-17 09:00:00'),(249,9,'NIL','2023-06-17 09:00:00','2023-06-17 09:00:00'),(250,16,'NIL','2023-06-17 09:00:00','2023-06-17 09:00:00'),(251,9,'NIL','2023-06-17 09:00:00','2023-06-17 09:00:00'),(252,16,'NIL','2023-06-17 09:00:00','2023-06-17 09:00:00'),(253,9,'NIL','2023-06-17 09:00:00','2023-06-17 09:00:00'),(254,5,'NIL','2023-06-17 09:00:00','2023-06-17 09:00:00'),(255,9,'NIL','2023-06-17 09:00:00','2023-06-17 09:00:00'),(256,9,'NIL','2023-06-17 09:00:00','2023-06-17 09:00:00'),(257,16,'NIL','2023-06-17 09:00:00','2023-06-17 09:00:00'),(258,9,'NIL','2023-06-17 09:00:00','2023-06-17 09:00:00'),(259,5,'NIL','2023-06-17 09:00:00','2023-06-17 09:00:00'),(260,9,'NIL','2023-06-17 09:00:00','2023-06-17 09:00:00'),(261,16,'NIL','2023-06-17 09:00:00','2023-06-17 09:00:00'),(262,5,'NIL','2023-06-17 09:00:00','2023-06-17 09:00:00'),(263,9,'NIL','2023-06-17 09:00:00','2023-06-17 09:00:00'),(264,16,'NIL','2023-06-17 09:00:00','2023-06-17 09:00:00'),(265,9,'NIL','2023-06-17 09:00:00','2023-06-17 09:00:00'),(266,9,'NIL','2023-06-17 09:00:00','2023-06-17 09:00:00'),(267,9,'NIL','2023-06-17 09:00:00','2023-06-17 09:00:00'),(268,12,'NIL','2023-06-17 09:00:00','2023-06-17 09:00:00'),(269,16,'NIL','2023-06-17 09:00:00','2023-06-17 09:00:00'),(270,5,'NIL','2023-06-17 09:00:00','2023-06-17 09:00:00'),(271,1,'NIL','2023-06-17 09:00:00','2023-06-17 09:00:00'),(272,9,'NIL','2023-06-17 09:00:00','2023-06-17 09:00:00'),(273,10,'NIL','2023-06-17 09:00:00','2023-06-17 09:00:00'),(274,10,'NIL','2023-06-17 09:00:00','2023-06-17 09:00:00'),(275,10,'NIL','2023-06-17 09:00:00','2023-06-17 09:00:00'),(276,10,'NIL','2023-06-17 09:00:00','2023-06-17 09:00:00'),(277,10,'NIL','2023-06-17 09:00:00','2023-06-17 09:00:00'),(278,10,'NIL','2023-06-17 09:00:00','2023-06-17 09:00:00'),(279,10,'NIL','2023-06-17 09:00:00','2023-06-17 09:00:00'),(280,10,'NIL','2023-06-17 09:00:00','2023-06-17 09:00:00'),(281,10,'NIL','2023-06-17 09:00:00','2023-06-17 09:00:00'),(282,10,'NIL','2023-06-17 09:00:00','2023-06-17 09:00:00'),(283,10,'NIL','2023-06-17 09:00:00','2023-06-17 09:00:00'),(284,10,'NIL','2023-06-17 09:00:00','2023-06-17 09:00:00'),(285,10,'NIL','2023-06-17 09:00:00','2023-06-17 09:00:00'),(286,10,'NIL','2023-06-17 09:00:00','2023-06-17 09:00:00'),(287,10,'NIL','2023-06-17 09:00:00','2023-06-17 09:00:00'),(288,10,'NIL','2023-06-17 09:00:00','2023-06-17 09:00:00'),(289,10,'NIL','2023-06-17 09:00:00','2023-06-17 09:00:00'),(290,10,'NIL','2023-06-17 09:00:00','2023-06-17 09:00:00'),(291,10,'NIL','2023-06-17 09:00:00','2023-06-17 09:00:00'),(292,10,'NIL','2023-06-17 09:00:00','2023-06-17 09:00:00'),(293,10,'NIL','2023-06-17 09:00:00','2023-06-17 09:00:00'),(294,10,'NIL','2023-06-17 09:00:00','2023-06-17 09:00:00'),(295,10,'NIL','2023-06-17 09:00:00','2023-06-17 09:00:00'),(296,10,'NIL','2023-06-17 09:00:00','2023-06-17 09:00:00'),(297,10,'NIL','2023-06-17 09:00:00','2023-06-17 09:00:00'),(298,10,'NIL','2023-06-17 09:00:00','2023-06-17 09:00:00'),(299,10,'NIL','2023-06-17 09:00:00','2023-06-17 09:00:00'),(300,10,'NIL','2023-06-17 09:00:00','2023-06-17 09:00:00'),(301,10,'NIL','2023-06-17 09:00:00','2023-06-17 09:00:00'),(302,10,'NIL','2023-06-17 09:00:00','2023-06-17 09:00:00'),(303,16,'NIL','2023-06-17 09:00:00','2023-06-17 09:00:00'),(304,10,'NIL','2023-06-17 09:00:00','2023-06-17 09:00:00'),(305,10,'NIL','2023-06-17 09:00:00','2023-06-17 09:00:00'),(306,10,'NIL','2023-06-17 09:00:00','2023-06-17 09:00:00'),(307,10,'NIL','2023-06-17 09:00:00','2023-06-17 09:00:00'),(308,10,'NIL','2023-06-17 09:00:00','2023-06-17 09:00:00'),(309,10,'NIL','2023-06-17 09:00:00','2023-06-17 09:00:00'),(310,10,'NIL','2023-06-17 09:00:00','2023-06-17 09:00:00'),(311,16,'NIL','2023-06-17 09:00:00','2023-06-17 09:00:00'),(312,10,'NIL','2023-06-17 09:00:00','2023-06-17 09:00:00'),(313,10,'NIL','2023-06-17 09:00:00','2023-06-17 09:00:00'),(314,8,'NIL','2023-06-17 09:00:00','2023-06-17 09:00:00'),(315,10,'NIL','2023-06-17 09:00:00','2023-06-17 09:00:00'),(316,10,'NIL','2023-06-17 09:00:00','2023-06-17 09:00:00'),(317,7,'NIL','2023-06-17 09:00:00','2023-06-17 09:00:00'),(318,16,'NIL','2023-06-17 09:00:00','2023-06-17 09:00:00'),(319,10,'NIL','2023-06-17 09:00:00','2023-06-17 09:00:00'),(320,17,'NIL','2023-06-17 09:00:00','2023-06-17 09:00:00'),(321,17,'NIL','2023-06-17 09:00:00','2023-06-17 09:00:00'),(322,17,'NIL','2023-06-17 09:00:00','2023-06-17 09:00:00'),(323,17,'NIL','2023-06-17 09:00:00','2023-06-17 09:00:00'),(324,10,'NIL','2023-06-17 09:00:00','2023-06-17 09:00:00'),(325,17,'NIL','2023-06-17 09:00:00','2023-06-17 09:00:00'),(326,11,'NIL','2023-06-17 09:00:00','2023-06-17 09:00:00'),(327,11,'NIL','2023-06-17 09:00:00','2023-06-17 09:00:00'),(328,11,'NIL','2023-06-17 09:00:00','2023-06-17 09:00:00'),(329,11,'NIL','2023-06-17 09:00:00','2023-06-17 09:00:00'),(330,11,'NIL','2023-06-17 09:00:00','2023-06-17 09:00:00'),(331,11,'NIL','2023-06-17 09:00:00','2023-06-17 09:00:00'),(332,11,'NIL','2023-06-17 09:00:00','2023-06-17 09:00:00'),(333,11,'NIL','2023-06-17 09:00:00','2023-06-17 09:00:00'),(334,11,'NIL','2023-06-17 09:00:00','2023-06-17 09:00:00'),(335,11,'NIL','2023-06-17 09:00:00','2023-06-17 09:00:00'),(336,11,'NIL','2023-06-17 09:00:00','2023-06-17 09:00:00'),(337,11,'NIL','2023-06-17 09:00:00','2023-06-17 09:00:00'),(338,11,'NIL','2023-06-17 09:00:00','2023-06-17 09:00:00'),(339,11,'NIL','2023-06-17 09:00:00','2023-06-17 09:00:00'),(340,11,'NIL','2023-06-17 09:00:00','2023-06-17 09:00:00'),(341,11,'NIL','2023-06-17 09:00:00','2023-06-17 09:00:00'),(342,11,'NIL','2023-06-17 09:00:00','2023-06-17 09:00:00'),(343,11,'NIL','2023-06-17 09:00:00','2023-06-17 09:00:00'),(344,11,'NIL','2023-06-17 09:00:00','2023-06-17 09:00:00'),(345,11,'NIL','2023-06-17 09:00:00','2023-06-17 09:00:00'),(346,11,'NIL','2023-06-17 09:00:00','2023-06-17 09:00:00'),(347,11,'NIL','2023-06-17 09:00:00','2023-06-17 09:00:00'),(348,11,'NIL','2023-06-17 09:00:00','2023-06-17 09:00:00'),(349,11,'NIL','2023-06-17 09:00:00','2023-06-17 09:00:00'),(350,11,'NIL','2023-06-17 09:00:00','2023-06-17 09:00:00'),(351,11,'NIL','2023-06-17 09:00:00','2023-06-17 09:00:00'),(352,11,'NIL','2023-06-17 09:00:00','2023-06-17 09:00:00'),(353,11,'NIL','2023-06-17 09:00:00','2023-06-17 09:00:00'),(354,11,'NIL','2023-06-17 09:00:00','2023-06-17 09:00:00'),(355,11,'NIL','2023-06-17 09:00:00','2023-06-17 09:00:00'),(356,11,'NIL','2023-06-17 09:00:00','2023-06-17 09:00:00'),(357,11,'NIL','2023-06-17 09:00:00','2023-06-17 09:00:00'),(358,11,'NIL','2023-06-17 09:00:00','2023-06-17 09:00:00'),(359,11,'NIL','2023-06-17 09:00:00','2023-06-17 09:00:00'),(360,11,'NIL','2023-06-17 09:00:00','2023-06-17 09:00:00'),(361,11,'NIL','2023-06-17 09:00:00','2023-06-17 09:00:00'),(362,11,'NIL','2023-06-17 09:00:00','2023-06-17 09:00:00'),(363,11,'NIL','2023-06-17 09:00:00','2023-06-17 09:00:00'),(364,11,'NIL','2023-06-17 09:00:00','2023-06-17 09:00:00'),(365,11,'NIL','2023-06-17 09:00:00','2023-06-17 09:00:00'),(366,11,'NIL','2023-06-17 09:00:00','2023-06-17 09:00:00'),(367,11,'NIL','2023-06-17 09:00:00','2023-06-17 09:00:00'),(368,11,'NIL','2023-06-17 09:00:00','2023-06-17 09:00:00'),(369,11,'NIL','2023-06-17 09:00:00','2023-06-17 09:00:00'),(370,11,'NIL','2023-06-17 09:00:00','2023-06-17 09:00:00'),(371,11,'NIL','2023-06-17 09:00:00','2023-06-17 09:00:00'),(372,11,'NIL','2023-06-17 09:00:00','2023-06-17 09:00:00'),(373,11,'NIL','2023-06-17 09:00:00','2023-06-17 09:00:00'),(374,11,'NIL','2023-06-17 09:00:00','2023-06-17 09:00:00'),(375,11,'NIL','2023-06-17 09:00:00','2023-06-17 09:00:00'),(376,11,'NIL','2023-06-17 09:00:00','2023-06-17 09:00:00'),(377,11,'NIL','2023-06-17 09:00:00','2023-06-17 09:00:00'),(378,11,'NIL','2023-06-17 09:00:00','2023-06-17 09:00:00'),(379,11,'NIL','2023-06-17 09:00:00','2023-06-17 09:00:00'),(380,11,'NIL','2023-06-17 09:00:00','2023-06-17 09:00:00'),(381,11,'NIL','2023-06-17 09:00:00','2023-06-17 09:00:00'),(382,11,'NIL','2023-06-17 09:00:00','2023-06-17 09:00:00'),(383,11,'NIL','2023-06-17 09:00:00','2023-06-17 09:00:00'),(384,11,'NIL','2023-06-17 09:00:00','2023-06-17 09:00:00'),(385,11,'NIL','2023-06-17 09:00:00','2023-06-17 09:00:00'),(386,11,'NIL','2023-06-17 09:00:00','2023-06-17 09:00:00'),(387,11,'NIL','2023-06-17 09:00:00','2023-06-17 09:00:00'),(388,11,'NIL','2023-06-17 09:00:00','2023-06-17 09:00:00'),(389,11,'NIL','2023-06-17 09:00:00','2023-06-17 09:00:00'),(390,11,'NIL','2023-06-17 09:00:00','2023-06-17 09:00:00'),(391,11,'NIL','2023-06-17 09:00:00','2023-06-17 09:00:00'),(392,11,'NIL','2023-06-17 09:00:00','2023-06-17 09:00:00'),(393,11,'NIL','2023-06-17 09:00:00','2023-06-17 09:00:00'),(394,11,'NIL','2023-06-17 09:00:00','2023-06-17 09:00:00'),(395,11,'NIL','2023-06-17 09:00:00','2023-06-17 09:00:00'),(396,11,'NIL','2023-06-17 09:00:00','2023-06-17 09:00:00'),(397,11,'NIL','2023-06-17 09:00:00','2023-06-17 09:00:00'),(398,11,'NIL','2023-06-17 09:00:00','2023-06-17 09:00:00'),(399,11,'NIL','2023-06-17 09:00:00','2023-06-17 09:00:00'),(400,11,'NIL','2023-06-17 09:00:00','2023-06-17 09:00:00'),(401,11,'NIL','2023-06-17 09:00:00','2023-06-17 09:00:00'),(402,11,'NIL','2023-06-17 09:00:00','2023-06-17 09:00:00'),(403,11,'NIL','2023-06-17 09:00:00','2023-06-17 09:00:00'),(404,11,'NIL','2023-06-17 09:00:00','2023-06-17 09:00:00'),(405,11,'NIL','2023-06-17 09:00:00','2023-06-17 09:00:00'),(406,11,'NIL','2023-06-17 09:00:00','2023-06-17 09:00:00'),(407,11,'NIL','2023-06-17 09:00:00','2023-06-17 09:00:00'),(408,11,'NIL','2023-06-17 09:00:00','2023-06-17 09:00:00'),(409,11,'NIL','2023-06-17 09:00:00','2023-06-17 09:00:00'),(410,11,'NIL','2023-06-17 09:00:00','2023-06-17 09:00:00'),(411,11,'NIL','2023-06-17 09:00:00','2023-06-17 09:00:00'),(412,11,'NIL','2023-06-17 09:00:00','2023-06-17 09:00:00'),(413,11,'NIL','2023-06-17 09:00:00','2023-06-17 09:00:00'),(414,11,'NIL','2023-06-17 09:00:00','2023-06-17 09:00:00'),(415,11,'NIL','2023-06-17 09:00:00','2023-06-17 09:00:00'),(416,11,'NIL','2023-06-17 09:00:00','2023-06-17 09:00:00'),(417,11,'NIL','2023-06-17 09:00:00','2023-06-17 09:00:00'),(418,11,'NIL','2023-06-17 09:00:00','2023-06-17 09:00:00'),(419,11,'NIL','2023-06-17 09:00:00','2023-06-17 09:00:00');
/*!40000 ALTER TABLE `distribution_items` ENABLE KEYS */;
UNLOCK TABLES;

--
-- Table structure for table `floors`
--

DROP TABLE IF EXISTS `floors`;
/*!40101 SET @saved_cs_client     = @@character_set_client */;
/*!50503 SET character_set_client = utf8mb4 */;
CREATE TABLE `floors` (
  `id` bigint unsigned NOT NULL AUTO_INCREMENT,
  `name` varchar(255) COLLATE utf8mb4_unicode_ci NOT NULL,
  `created_at` timestamp NULL DEFAULT NULL,
  `updated_at` timestamp NULL DEFAULT NULL,
  PRIMARY KEY (`id`)
) ENGINE=InnoDB AUTO_INCREMENT=17 DEFAULT CHARSET=utf8mb4 COLLATE=utf8mb4_unicode_ci;
/*!40101 SET character_set_client = @saved_cs_client */;

--
-- Dumping data for table `floors`
--

LOCK TABLES `floors` WRITE;
/*!40000 ALTER TABLE `floors` DISABLE KEYS */;
INSERT INTO `floors` VALUES (1,'Ground Floor','2023-05-27 19:37:12','2023-05-27 19:37:12'),(2,'1st Floor','2023-05-27 19:37:12','2023-05-27 19:37:12'),(3,'2nd Floor','2023-05-27 19:37:12','2023-05-27 19:37:12'),(4,'3rd Floor','2023-05-27 19:37:12','2023-05-27 19:37:12'),(5,'4th Floor','2023-05-27 19:37:12','2023-05-27 19:37:12'),(6,'5th Floor','2023-05-27 19:37:12','2023-05-27 19:37:12'),(7,'6th Floor','2023-05-27 19:37:12','2023-05-27 19:37:12'),(8,'7th Floor','2023-05-27 19:37:12','2023-05-27 19:37:12'),(9,'8th Floor','2023-05-27 19:37:12','2023-05-27 19:37:12'),(10,'9th Floor','2023-05-27 19:37:12','2023-05-27 19:37:12'),(11,'10th Floor','2023-05-27 19:37:12','2023-05-27 19:37:12'),(12,'11th Floor','2023-05-27 19:37:12','2023-05-27 19:37:12'),(13,'12th Floor','2023-05-27 19:37:12','2023-05-27 19:37:12'),(14,'13th Floor','2023-05-27 19:37:12','2023-05-27 19:37:12'),(15,'14th Floor','2023-05-27 19:37:12','2023-05-27 19:37:12'),(16,'15th Floor','2023-05-27 19:37:12','2023-05-27 19:37:12');
/*!40000 ALTER TABLE `floors` ENABLE KEYS */;
UNLOCK TABLES;

--
-- Table structure for table `helpdesk_requests`
--

DROP TABLE IF EXISTS `helpdesk_requests`;
/*!40101 SET @saved_cs_client     = @@character_set_client */;
/*!50503 SET character_set_client = utf8mb4 */;
CREATE TABLE `helpdesk_requests` (
  `id` bigint unsigned NOT NULL AUTO_INCREMENT,
  `staff_id` bigint unsigned NOT NULL,
  `ddd_id` bigint unsigned NOT NULL,
  `request_category_id` bigint unsigned NOT NULL,
  `description` longtext COLLATE utf8mb4_unicode_ci,
  `time` timestamp NOT NULL DEFAULT CURRENT_TIMESTAMP,
  `authorize_staff_id` bigint unsigned NOT NULL,
  `status` varchar(255) COLLATE utf8mb4_unicode_ci NOT NULL DEFAULT 'Pending',
  `alter_staff_id` bigint unsigned DEFAULT NULL,
  `valid_from` timestamp NOT NULL DEFAULT CURRENT_TIMESTAMP,
  `valid_until` timestamp NULL DEFAULT NULL,
  `created_at` timestamp NULL DEFAULT NULL,
  `updated_at` timestamp NULL DEFAULT NULL,
  PRIMARY KEY (`id`),
  KEY `helpdesk_requests_staff_id_foreign` (`staff_id`),
  KEY `helpdesk_requests_alter_staff_id_foreign` (`alter_staff_id`),
  KEY `helpdesk_requests_ddd_id_foreign` (`ddd_id`),
  CONSTRAINT `helpdesk_requests_alter_staff_id_foreign` FOREIGN KEY (`alter_staff_id`) REFERENCES `staff` (`id`),
  CONSTRAINT `helpdesk_requests_ddd_id_foreign` FOREIGN KEY (`ddd_id`) REFERENCES `ddds` (`id`),
  CONSTRAINT `helpdesk_requests_staff_id_foreign` FOREIGN KEY (`staff_id`) REFERENCES `staff` (`id`)
) ENGINE=InnoDB AUTO_INCREMENT=48 DEFAULT CHARSET=utf8mb4 COLLATE=utf8mb4_unicode_ci;
/*!40101 SET character_set_client = @saved_cs_client */;

--
-- Dumping data for table `helpdesk_requests`
--

LOCK TABLES `helpdesk_requests` WRITE;
/*!40000 ALTER TABLE `helpdesk_requests` DISABLE KEYS */;
INSERT INTO `helpdesk_requests` VALUES (1,351,20,16,'Low toner ink','2023-04-19 08:13:00',1,'Resolved',NULL,'2023-04-19 08:13:00',NULL,'2023-04-19 08:13:00','2023-04-19 08:13:00'),(2,351,20,6,'Microsoft packages not opening','2023-04-19 08:13:00',1,'Resolved',NULL,'2023-04-19 08:13:00',NULL,'2023-04-19 08:13:00','2023-04-19 08:13:00'),(3,205,5,16,'The printer kept printing multiple pages of just black ink with other colours on it','2023-04-19 09:25:00',1,'Resolved',NULL,'2023-04-19 09:25:00',NULL,'2023-04-19 09:25:00','2023-04-19 09:25:00'),(4,86,12,13,'Couldn\'t connect to the network','2023-04-19 09:42:00',1,'Resolved',NULL,'2023-04-19 09:42:00',NULL,'2023-04-19 09:42:00','2023-04-19 09:42:00'),(5,177,18,13,'Couldn\'t connect to the network','2023-04-19 09:57:00',1,'Resolved',NULL,'2023-04-19 09:57:00',NULL,'2023-04-19 09:57:00','2023-04-19 09:57:00'),(6,23,2,16,'Couldn\'t print from his computer','2023-04-19 10:48:00',1,'Resolved',NULL,'2023-04-19 10:48:00',NULL,'2023-04-19 10:48:00','2023-04-19 10:48:00'),(7,171,18,16,'Low toner ink','2023-04-19 11:40:00',1,'Resolved',NULL,'2023-04-19 11:40:00',NULL,'2023-04-19 11:40:00','2023-04-19 11:40:00'),(8,171,18,16,'PRINTER CONNECTION','2023-04-19 11:40:00',1,'Pending',NULL,'2023-04-19 11:40:00',NULL,'2023-04-19 11:40:00','2023-04-19 11:40:00'),(9,205,5,16,'Couldn\'t print from system','2023-04-19 12:11:00',1,'Unresolved',NULL,'2023-04-19 12:11:00',NULL,'2023-04-19 12:11:00','2023-04-19 12:11:00'),(10,80,12,16,'Low toner ink','2023-04-20 09:04:00',1,'Resolved',NULL,'2023-04-20 09:04:00',NULL,'2023-04-20 09:04:00','2023-04-20 09:04:00'),(11,102,14,16,'Couldn\'t print from his computer','2023-04-20 09:36:00',1,'Resolved',NULL,'2023-04-20 09:36:00',NULL,'2023-04-20 09:36:00','2023-04-20 09:36:00'),(12,349,24,6,'Microsoft packages not opening','2023-04-20 10:03:00',1,'Resolved',NULL,'2023-04-20 10:03:00',NULL,'2023-04-20 10:03:00','2023-04-20 10:03:00'),(13,350,24,16,'Printer showing offline and isnt printing','2023-04-20 10:03:00',1,'Resolved',NULL,'2023-04-20 10:03:00',NULL,'2023-04-20 10:03:00','2023-04-20 10:03:00'),(14,177,18,6,'Couldn\'t access a document on his mail','2023-04-20 10:07:00',1,'Resolved',NULL,'2023-04-20 10:07:00',NULL,'2023-04-20 10:07:00','2023-04-20 10:07:00'),(15,175,18,13,'Flunctuation of network','2023-04-20 12:00:00',1,'Resolved',NULL,'2023-04-20 12:00:00',NULL,'2023-04-20 12:00:00','2023-04-20 12:00:00'),(16,205,5,6,'WINDOWS UPDATE','2023-04-20 12:08:00',1,'Resolved',NULL,'2023-04-20 12:08:00',NULL,'2023-04-20 12:08:00','2023-04-20 12:08:00'),(17,147,13,16,'PRINTER CONNECTION','2023-04-20 13:15:00',1,'Resolved',NULL,'2023-04-20 13:15:00',NULL,'2023-04-20 13:15:00','2023-04-20 13:15:00'),(18,116,10,17,'Laptop was on sleep for long and the system was frozen','2023-04-25 08:27:00',1,'Resolved',NULL,'2023-04-25 08:27:00',NULL,'2023-04-25 08:27:00','2023-04-25 08:27:00'),(19,5,5,16,'FUSER UNIT','2023-04-25 08:46:00',1,'Pending',NULL,'2023-04-25 08:46:00',NULL,'2023-04-25 08:46:00','2023-04-25 08:46:00'),(20,302,6,16,'The printer wasn\'t connected','2023-04-25 10:19:00',1,'Resolved',NULL,'2023-04-25 10:19:00',NULL,'2023-04-25 10:19:00','2023-04-25 10:19:00'),(21,315,6,16,'The printer wasn\'t connected','2023-04-25 10:20:00',1,'Resolved',NULL,'2023-04-25 10:20:00',NULL,'2023-04-25 10:20:00','2023-04-25 10:20:00'),(22,37,2,16,'Low toner ink','2023-04-25 10:20:00',1,'Resolved',NULL,'2023-04-25 10:20:00',NULL,'2023-04-25 10:20:00','2023-04-25 10:20:00'),(23,37,2,23,'Needed softwares for his PC','2023-04-25 10:20:00',1,'Resolved',NULL,'2023-04-25 10:20:00',NULL,'2023-04-25 10:20:00','2023-04-25 10:20:00'),(24,108,13,16,'The printer wasn\'t connected','2023-04-25 11:25:00',1,'Resolved',NULL,'2023-04-25 11:25:00',NULL,'2023-04-25 11:25:00','2023-04-25 11:25:00'),(25,145,3,13,'Couldn\'t connect to the network','2023-04-25 11:26:00',1,'Resolved',NULL,'2023-04-25 11:26:00',NULL,'2023-04-25 11:26:00','2023-04-25 11:26:00'),(26,110,14,17,'System not turning on','2023-04-25 12:45:00',1,'Resolved',NULL,'2023-04-25 12:45:00',NULL,'2023-04-25 12:45:00','2023-04-25 12:45:00'),(27,31,2,16,' PRINTER CONNECTION','2023-04-25 13:05:00',1,'Resolved',NULL,'2023-04-25 13:05:00',NULL,'2023-04-25 13:05:00','2023-04-25 13:05:00'),(28,102,14,18,'Monitor not displaying the windows','2023-04-25 13:10:00',1,'Resolved',NULL,'2023-04-25 13:10:00',NULL,'2023-04-25 13:10:00','2023-04-25 13:10:00'),(29,110,14,13,'Flunctuating Network/Faulty switch','2023-04-25 14:50:00',1,'Resolved',NULL,'2023-04-25 14:50:00',NULL,'2023-04-25 14:50:00','2023-04-25 14:50:00'),(30,38,2,16,'Low toner ink','2023-04-26 08:00:00',1,'Resolved',NULL,'2023-04-26 08:00:00',NULL,'2023-04-26 08:00:00','2023-04-26 08:00:00'),(31,41,22,24,'Corrupted flash drive','2023-04-26 08:00:00',1,'Resolved',NULL,'2023-04-26 08:00:00',NULL,'2023-04-26 08:00:00','2023-04-26 08:00:00'),(32,41,22,16,'Low toner ink','2023-04-26 08:00:00',1,'Resolved',NULL,'2023-04-26 08:00:00',NULL,'2023-04-26 08:00:00','2023-04-26 08:00:00'),(33,304,6,13,'Couldn\'t connect to the network','2023-04-26 08:23:00',1,'Resolved',NULL,'2023-04-26 08:23:00',NULL,'2023-04-26 08:23:00','2023-04-26 08:23:00'),(34,351,20,6,'Couldn\'t setup meeting ','2023-04-26 08:34:00',1,'Resolved',NULL,'2023-04-26 08:34:00',NULL,'2023-04-26 08:34:00','2023-04-26 08:34:00'),(35,352,20,17,'System couldnt screenshot','2023-04-26 09:00:00',1,'Resolved',NULL,'2023-04-26 09:00:00',NULL,'2023-04-26 09:00:00','2023-04-26 09:00:00'),(36,204,5,17,'Couldnt connect to network and his wifi was showing','2023-04-26 09:25:00',1,'Resolved',NULL,'2023-04-26 09:25:00',NULL,'2023-04-26 09:25:00','2023-04-26 09:25:00'),(37,204,5,13,'CONNECTION PROBLEM OF WIFI','2023-04-26 10:30:00',1,'Resolved',NULL,'2023-04-26 10:30:00',NULL,'2023-04-26 10:30:00','2023-04-26 10:30:00'),(38,244,8,16,'Couldn\'t print','2023-04-26 12:40:00',1,'Resolved',NULL,'2023-04-26 12:40:00',NULL,'2023-04-26 12:40:00','2023-04-26 12:40:00'),(39,205,5,16,'PAPER JAMB','2023-04-27 21:40:00',1,'Resolved',NULL,'2023-04-27 21:40:00',NULL,'2023-04-27 21:40:00','2023-04-27 21:40:00'),(40,67,10,16,'CONNECTION OF PRINTER','2023-04-27 20:00:00',1,'Resolved',NULL,'2023-04-27 20:00:00',NULL,'2023-04-27 20:00:00','2023-04-27 20:00:00'),(41,302,6,23,'CONVERT OF PDF TO WORD','2023-04-27 22:00:00',1,'Resolved',NULL,'2023-04-27 22:00:00',NULL,'2023-04-27 22:00:00','2023-04-27 22:00:00'),(42,351,20,16,'Low toner ink','2023-04-27 22:44:00',1,'Resolved',NULL,'2023-04-27 22:44:00',NULL,'2023-04-27 22:44:00','2023-04-27 22:44:00'),(43,352,20,16,'Low toner ink','2023-04-28 13:00:00',1,'Resolved',NULL,'2023-04-28 13:00:00',NULL,'2023-04-28 13:00:00','2023-04-28 13:00:00'),(44,302,6,21,'IT Support','2023-05-02 07:40:00',1,'Resolved',NULL,'2023-05-02 07:40:00',NULL,'2023-05-02 07:40:00','2023-05-02 07:40:00'),(45,238,11,16,'Couldn\'t print','2023-05-02 09:35:00',1,'Resolved',NULL,'2023-05-02 09:35:00',NULL,'2023-05-02 09:35:00','2023-05-02 09:35:00');
/*!40000 ALTER TABLE `helpdesk_requests` ENABLE KEYS */;
UNLOCK TABLES;

--
-- Table structure for table `helpdesk_supports`
--

DROP TABLE IF EXISTS `helpdesk_supports`;
/*!40101 SET @saved_cs_client     = @@character_set_client */;
/*!50503 SET character_set_client = utf8mb4 */;
CREATE TABLE `helpdesk_supports` (
  `id` bigint unsigned NOT NULL AUTO_INCREMENT,
  `staff_id` bigint unsigned DEFAULT NULL,
  `remark` longtext COLLATE utf8mb4_unicode_ci,
  `time` timestamp NOT NULL DEFAULT CURRENT_TIMESTAMP,
  `helpdesk_request_id` bigint unsigned DEFAULT NULL,
  `status` varchar(255) COLLATE utf8mb4_unicode_ci NOT NULL DEFAULT 'Pending',
  `alter_staff_id` bigint unsigned DEFAULT NULL,
  `valid_from` timestamp NOT NULL DEFAULT CURRENT_TIMESTAMP,
  `valid_until` timestamp NULL DEFAULT NULL,
  `created_at` timestamp NULL DEFAULT NULL,
  `updated_at` timestamp NULL DEFAULT NULL,
  PRIMARY KEY (`id`),
  KEY `helpdesk_supports_helpdesk_request_id_foreign` (`helpdesk_request_id`),
  KEY `helpdesk_supports_alter_staff_id_foreign` (`alter_staff_id`),
  KEY `helpdesk_supports_staff_id_foreign` (`staff_id`),
  CONSTRAINT `helpdesk_supports_alter_staff_id_foreign` FOREIGN KEY (`alter_staff_id`) REFERENCES `staff` (`id`),
  CONSTRAINT `helpdesk_supports_helpdesk_request_id_foreign` FOREIGN KEY (`helpdesk_request_id`) REFERENCES `helpdesk_requests` (`id`),
  CONSTRAINT `helpdesk_supports_staff_id_foreign` FOREIGN KEY (`staff_id`) REFERENCES `staff` (`id`)
) ENGINE=InnoDB AUTO_INCREMENT=46 DEFAULT CHARSET=utf8mb4 COLLATE=utf8mb4_unicode_ci;
/*!40101 SET character_set_client = @saved_cs_client */;

--
-- Dumping data for table `helpdesk_supports`
--

LOCK TABLES `helpdesk_supports` WRITE;
/*!40000 ALTER TABLE `helpdesk_supports` DISABLE KEYS */;
INSERT INTO `helpdesk_supports` VALUES (1,354,'Toner Changed','2023-04-19 08:38:00',1,'Resolved',NULL,'2023-04-19 08:38:00',NULL,'2023-04-19 08:38:00','2023-04-19 08:38:00'),(2,353,'Microsoft Office updated and re-installed','2023-04-19 08:35:00',2,'Resolved',NULL,'2023-04-19 08:35:00',NULL,'2023-04-19 08:35:00','2023-04-19 08:35:00'),(3,354,'Cancelled all jobs and noticed fuser unit was bad','2023-04-19 09:59:00',3,'Resolved',NULL,'2023-04-19 09:59:00',NULL,'2023-04-19 09:59:00','2023-04-19 09:59:00'),(4,354,'Connected using a different browser','2023-04-19 10:15:00',4,'Resolved',NULL,'2023-04-19 10:15:00',NULL,'2023-04-19 10:15:00','2023-04-19 10:15:00'),(5,353,'Connected using a different browser','2023-04-19 10:37:00',5,'Resolved',NULL,'2023-04-19 10:37:00',NULL,'2023-04-19 10:37:00','2023-04-19 10:37:00'),(6,353,'Went to browser setting to enable pop-up notifications','2023-04-19 11:10:00',6,'Resolved',NULL,'2023-04-19 11:10:00',NULL,'2023-04-19 11:10:00','2023-04-19 11:10:00'),(7,355,'Toner Changed','2023-04-19 12:05:00',7,'Resolved',NULL,'2023-04-19 12:05:00',NULL,'2023-04-19 12:05:00','2023-04-19 12:05:00'),(8,355,'CONNECTED','2023-04-19 12:02:00',8,'Pending',NULL,'2023-04-19 12:02:00',NULL,'2023-04-19 12:02:00','2023-04-19 12:02:00'),(9,354,'Toner was too low to print and non in the store','2023-04-19 12:49:00',9,'Unresolved',NULL,'2023-04-19 12:49:00',NULL,'2023-04-19 12:49:00','2023-04-19 12:49:00'),(10,354,'Toner Changed','2023-04-20 09:38:00',10,'Resolved',NULL,'2023-04-20 09:38:00',NULL,'2023-04-20 09:38:00','2023-04-20 09:38:00'),(11,353,'Changed the access points of the offices affected','2023-04-20 10:14:00',11,'Resolved',NULL,'2023-04-20 10:14:00',NULL,'2023-04-20 10:14:00','2023-04-20 10:14:00'),(12,354,'Re-installed microsoft office','2023-04-20 10:29:00',12,'Resolved',NULL,'2023-04-20 10:29:00',NULL,'2023-04-20 10:29:00','2023-04-20 10:29:00'),(13,354,'Removed and re-added the printer','2023-04-20 10:41:00',13,'Resolved',NULL,'2023-04-20 10:41:00',NULL,'2023-04-20 10:41:00','2023-04-20 10:41:00'),(14,353,'Converted file to word document','2023-04-20 10:47:00',14,'Resolved',NULL,'2023-04-20 10:47:00',NULL,'2023-04-20 10:47:00','2023-04-20 10:47:00'),(15,353,'Network Issue resolved','2023-04-20 12:35:00',15,'Resolved',NULL,'2023-04-20 12:35:00',NULL,'2023-04-20 12:35:00','2023-04-20 12:35:00'),(16,355,'IT WAS ADDED TO THE DOMAIN','2023-04-20 12:35:00',16,'Resolved',NULL,'2023-04-20 12:35:00',NULL,'2023-04-20 12:35:00','2023-04-20 12:35:00'),(17,355,'CONNECTED','2023-04-20 13:39:00',17,'Resolved',NULL,'2023-04-20 13:39:00',NULL,'2023-04-20 13:39:00','2023-04-20 13:39:00'),(18,353,'Had to force restart the laptop','2023-04-25 08:48:00',18,'Resolved',NULL,'2023-04-25 08:48:00',NULL,'2023-04-25 08:48:00','2023-04-25 08:48:00'),(19,355,'SERVICING','2023-04-25 09:20:00',19,'Pending',NULL,'2023-04-25 09:20:00',NULL,'2023-04-25 09:20:00','2023-04-25 09:20:00'),(20,353,'Connected the printer via the IP address','2023-04-25 10:42:00',20,'Resolved',NULL,'2023-04-25 10:42:00',NULL,'2023-04-25 10:42:00','2023-04-25 10:42:00'),(21,354,'Connected the printer via the IP address','2023-04-25 10:47:00',21,'Resolved',NULL,'2023-04-25 10:47:00',NULL,'2023-04-25 10:47:00','2023-04-25 10:47:00'),(22,354,'Toner Changed','2023-04-25 10:43:00',22,'Resolved',NULL,'2023-04-25 10:43:00',NULL,'2023-04-25 10:43:00','2023-04-25 10:43:00'),(23,353,'Installed antivirus and adobe acrobat','2023-04-25 10:59:00',23,'Resolved',NULL,'2023-04-25 10:59:00',NULL,'2023-04-25 10:59:00','2023-04-25 10:59:00'),(24,354,'Connected the printer via the IP address','2023-04-25 11:59:00',24,'Resolved',NULL,'2023-04-25 11:59:00',NULL,'2023-04-25 11:59:00','2023-04-25 11:59:00'),(25,354,'Re-connected to the network','2023-04-25 12:04:00',25,'Resolved',NULL,'2023-04-25 12:04:00',NULL,'2023-04-25 12:04:00','2023-04-25 12:04:00'),(26,354,'Connected appropriate cables','2023-04-25 13:23:00',26,'Resolved',NULL,'2023-04-25 13:23:00',NULL,'2023-04-25 13:23:00','2023-04-25 13:23:00'),(27,355,'CONNECTED','2023-04-25 13:39:00',27,'Resolved',NULL,'2023-04-25 13:39:00',NULL,'2023-04-25 13:39:00','2023-04-25 13:39:00'),(28,354,'Checked the Display ports and re-connected the VJA cable','2023-04-25 13:36:00',28,'Resolved',NULL,'2023-04-25 13:36:00',NULL,'2023-04-25 13:36:00','2023-04-25 13:36:00'),(29,354,'Removed clashing access point and traced faulty switch','2023-04-25 15:21:00',29,'Resolved',NULL,'2023-04-25 15:21:00',NULL,'2023-04-25 15:21:00','2023-04-25 15:21:00'),(30,353,'Toner Changed','2023-04-26 08:33:00',30,'Resolved',NULL,'2023-04-26 08:33:00',NULL,'2023-04-26 08:33:00','2023-04-26 08:33:00'),(31,354,'Formatted the flash drive','2023-04-26 08:36:00',31,'Resolved',NULL,'2023-04-26 08:36:00',NULL,'2023-04-26 08:36:00','2023-04-26 08:36:00'),(32,354,'Toner Changed','2023-04-26 08:37:00',32,'Resolved',NULL,'2023-04-26 08:37:00',NULL,'2023-04-26 08:37:00','2023-04-26 08:37:00'),(33,354,'Forgot the network and re-connected','2023-04-26 08:43:00',33,'Resolved',NULL,'2023-04-26 08:43:00',NULL,'2023-04-26 08:43:00','2023-04-26 08:43:00'),(34,353,'Setup meeting successfully','2023-04-26 09:04:00',34,'Resolved',NULL,'2023-04-26 09:04:00',NULL,'2023-04-26 09:04:00','2023-04-26 09:04:00'),(35,354,'Used windows snipping tool','2023-04-26 09:31:00',35,'Resolved',NULL,'2023-04-26 09:31:00',NULL,'2023-04-26 09:31:00','2023-04-26 09:31:00'),(36,354,'Enabled wifi driver from device manager and connected ','2023-04-26 10:01:00',36,'Resolved',NULL,'2023-04-26 10:01:00',NULL,'2023-04-26 10:01:00','2023-04-26 10:01:00'),(37,355,'ACCESS POINT WAS UNPLUGED AND RECONNECTED','2023-04-26 10:52:00',37,'Resolved',NULL,'2023-04-26 10:52:00',NULL,'2023-04-26 10:52:00','2023-04-26 10:52:00'),(38,354,'Connected system to printer with ip address','2023-04-26 13:10:00',38,'Resolved',NULL,'2023-04-26 13:10:00',NULL,'2023-04-26 13:10:00','2023-04-26 13:10:00'),(39,355,'THE PRINTER WAS OPENED','2023-04-27 22:16:00',39,'Resolved',NULL,'2023-04-27 22:16:00',NULL,'2023-04-27 22:16:00','2023-04-27 22:16:00'),(40,355,'CONNECTED','2023-04-27 20:27:00',40,'Resolved',NULL,'2023-04-27 20:27:00',NULL,'2023-04-27 20:27:00','2023-04-27 20:27:00'),(41,355,'USED ACROBART','2023-04-27 22:22:00',41,'Resolved',NULL,'2023-04-27 22:22:00',NULL,'2023-04-27 22:22:00','2023-04-27 22:22:00'),(42,355,'Toner Changed','2023-04-27 23:12:00',42,'Resolved',NULL,'2023-04-27 23:12:00',NULL,'2023-04-27 23:12:00','2023-04-27 23:12:00'),(43,355,'Toner Changed','2023-04-28 13:37:00',43,'Resolved',NULL,'2023-04-28 13:37:00',NULL,'2023-04-28 13:37:00','2023-04-28 13:37:00'),(44,353,'Set up teams meeting on the screen in conference room','2023-05-02 08:17:00',44,'Resolved',NULL,'2023-05-02 08:17:00',NULL,'2023-05-02 08:17:00','2023-05-02 08:17:00'),(45,354,'Removed and re-added the printer','2023-05-02 09:58:00',45,'Resolved',NULL,'2023-05-02 09:58:00',NULL,'2023-05-02 09:58:00','2023-05-02 09:58:00');
/*!40000 ALTER TABLE `helpdesk_supports` ENABLE KEYS */;
UNLOCK TABLES;

--
-- Table structure for table `inventory`
--

DROP TABLE IF EXISTS `inventory`;
/*!40101 SET @saved_cs_client     = @@character_set_client */;
/*!50503 SET character_set_client = utf8mb4 */;
CREATE TABLE `inventory` (
  `id` bigint unsigned NOT NULL AUTO_INCREMENT,
  `item_id` bigint unsigned NOT NULL,
  `quantity` bigint NOT NULL,
  `staff_id` bigint unsigned NOT NULL,
  `alter_staff_id` bigint unsigned DEFAULT NULL,
  `valid_from` timestamp NOT NULL DEFAULT CURRENT_TIMESTAMP,
  `valid_until` timestamp NULL DEFAULT NULL,
  `created_at` timestamp NULL DEFAULT NULL,
  `updated_at` timestamp NULL DEFAULT NULL,
  PRIMARY KEY (`id`),
  KEY `inventory_item_id_foreign` (`item_id`),
  KEY `inventory_staff_id_foreign` (`staff_id`),
  KEY `inventory_alter_staff_id_foreign` (`alter_staff_id`),
  CONSTRAINT `inventory_alter_staff_id_foreign` FOREIGN KEY (`alter_staff_id`) REFERENCES `staff` (`id`),
  CONSTRAINT `inventory_item_id_foreign` FOREIGN KEY (`item_id`) REFERENCES `items` (`id`),
  CONSTRAINT `inventory_staff_id_foreign` FOREIGN KEY (`staff_id`) REFERENCES `staff` (`id`)
) ENGINE=InnoDB AUTO_INCREMENT=22 DEFAULT CHARSET=utf8mb4 COLLATE=utf8mb4_unicode_ci;
/*!40101 SET character_set_client = @saved_cs_client */;

--
-- Dumping data for table `inventory`
--

LOCK TABLES `inventory` WRITE;
/*!40000 ALTER TABLE `inventory` DISABLE KEYS */;
INSERT INTO `inventory` VALUES (1,1,10,1,NULL,'2023-06-11 08:04:39',NULL,'2023-06-11 08:04:39','2023-06-14 09:03:43'),(2,1,10,1,1,'2023-06-11 08:04:39','2023-06-12 12:09:33','2023-06-12 12:09:33','2023-06-12 12:09:33'),(3,1,3,1,1,'2023-06-11 08:04:39','2023-06-13 18:51:49','2023-06-13 18:51:49','2023-06-13 18:51:49'),(4,1,4,1,1,'2023-06-11 08:04:39','2023-06-14 09:03:42','2023-06-14 09:03:42','2023-06-14 09:03:42'),(5,17,28,1,NULL,'2023-07-04 12:04:30',NULL,'2023-07-04 12:04:30','2023-07-04 12:04:30'),(6,18,1,1,NULL,'2023-07-04 12:04:37',NULL,'2023-07-04 12:04:37','2023-07-04 12:04:37'),(7,1,25,1,NULL,'2023-07-04 12:04:56',NULL,'2023-07-04 12:04:56','2023-07-04 12:04:56'),(8,2,5,1,NULL,'2023-07-04 12:05:21',NULL,'2023-07-04 12:05:21','2023-07-04 12:05:21'),(9,3,1,1,NULL,'2023-07-04 12:05:27',NULL,'2023-07-04 12:05:27','2023-07-04 12:05:27'),(10,4,9,1,NULL,'2023-07-04 12:05:33',NULL,'2023-07-04 12:05:33','2023-07-04 12:05:33'),(11,5,9,1,NULL,'2023-07-04 12:05:41',NULL,'2023-07-04 12:05:41','2023-07-04 12:05:41'),(12,6,30,1,NULL,'2023-07-04 12:05:48',NULL,'2023-07-04 12:05:48','2023-07-04 12:05:48'),(13,7,1,1,NULL,'2023-07-04 12:05:55',NULL,'2023-07-04 12:05:55','2023-07-04 12:05:55'),(14,8,1,1,NULL,'2023-07-04 12:06:01',NULL,'2023-07-04 12:06:01','2023-07-04 12:06:01'),(15,9,24,1,NULL,'2023-07-04 12:06:23',NULL,'2023-07-04 12:06:23','2023-07-04 12:06:23'),(16,10,43,1,NULL,'2023-07-04 12:06:34',NULL,'2023-07-04 12:06:34','2023-07-04 12:06:34'),(17,11,94,1,NULL,'2023-07-04 12:06:39',NULL,'2023-07-04 12:06:39','2023-07-04 12:06:39'),(18,12,80,1,NULL,'2023-07-04 12:06:45',NULL,'2023-07-04 12:06:45','2023-07-04 12:06:45'),(19,13,37,1,NULL,'2023-07-04 12:06:51',NULL,'2023-07-04 12:06:51','2023-07-04 12:06:51'),(20,14,3,1,NULL,'2023-07-04 12:06:56',NULL,'2023-07-04 12:06:56','2023-07-04 12:06:56'),(21,16,18,1,NULL,'2023-07-04 12:07:02',NULL,'2023-07-04 12:07:02','2023-07-04 12:07:02');
/*!40000 ALTER TABLE `inventory` ENABLE KEYS */;
UNLOCK TABLES;

--
-- Table structure for table `item_distributions`
--

DROP TABLE IF EXISTS `item_distributions`;
/*!40101 SET @saved_cs_client     = @@character_set_client */;
/*!50503 SET character_set_client = utf8mb4 */;
CREATE TABLE `item_distributions` (
  `id` bigint unsigned NOT NULL AUTO_INCREMENT,
  `distribution_item_id` bigint unsigned NOT NULL,
  `remark` longtext COLLATE utf8mb4_unicode_ci,
  `time` timestamp NOT NULL DEFAULT CURRENT_TIMESTAMP,
  `authorize_staff_id` bigint unsigned NOT NULL,
  `status` varchar(255) COLLATE utf8mb4_unicode_ci NOT NULL DEFAULT 'Pending',
  `alter_staff_id` bigint unsigned DEFAULT NULL,
  `valid_from` timestamp NOT NULL DEFAULT CURRENT_TIMESTAMP,
  `valid_until` timestamp NULL DEFAULT NULL,
  `distributionable_id` bigint unsigned NOT NULL,
  `distributionable_type` varchar(255) COLLATE utf8mb4_unicode_ci NOT NULL,
  `created_at` timestamp NULL DEFAULT NULL,
  `updated_at` timestamp NULL DEFAULT NULL,
  PRIMARY KEY (`id`),
  KEY `item_distributions_distribution_item_id_foreign` (`distribution_item_id`),
  KEY `item_distributions_authorize_staff_id_foreign` (`authorize_staff_id`),
  KEY `item_distributions_alter_staff_id_foreign` (`alter_staff_id`),
  KEY `distributionable` (`distributionable_id`,`distributionable_type`),
  CONSTRAINT `item_distributions_alter_staff_id_foreign` FOREIGN KEY (`alter_staff_id`) REFERENCES `staff` (`id`),
  CONSTRAINT `item_distributions_authorize_staff_id_foreign` FOREIGN KEY (`authorize_staff_id`) REFERENCES `staff` (`id`),
  CONSTRAINT `item_distributions_distribution_item_id_foreign` FOREIGN KEY (`distribution_item_id`) REFERENCES `distribution_items` (`id`)
) ENGINE=InnoDB AUTO_INCREMENT=420 DEFAULT CHARSET=utf8mb4 COLLATE=utf8mb4_unicode_ci;
/*!40101 SET character_set_client = @saved_cs_client */;

--
-- Dumping data for table `item_distributions`
--

LOCK TABLES `item_distributions` WRITE;
/*!40000 ALTER TABLE `item_distributions` DISABLE KEYS */;
INSERT INTO `item_distributions` VALUES (1,1,'To be replaced in 2019','2020-03-01 09:00:00',1,'Distributed',NULL,'2023-06-17 09:00:00',NULL,106,'App\\Models\\Staff','2023-06-17 09:00:00','2023-06-17 09:00:00'),(2,2,'To be replaced in 2019','2020-03-01 09:00:00',1,'Distributed',NULL,'2023-06-17 09:00:00',NULL,76,'App\\Models\\Staff','2023-06-17 09:00:00','2023-06-17 09:00:00'),(3,3,'To be replaced in 2019','2020-03-01 09:00:00',1,'Distributed',NULL,'2023-06-17 09:00:00',NULL,68,'App\\Models\\Staff','2023-06-17 09:00:00','2023-06-17 09:00:00'),(4,4,'To be replaced in 2019','2020-03-01 09:00:00',1,'Distributed',NULL,'2023-06-17 09:00:00',NULL,22,'App\\Models\\Staff','2023-06-17 09:00:00','2023-06-17 09:00:00'),(5,5,'To be replaced in 2019','2020-03-01 09:00:00',1,'Distributed',NULL,'2023-06-17 09:00:00',NULL,26,'App\\Models\\Staff','2023-06-17 09:00:00','2023-06-17 09:00:00'),(6,6,'To be replaced in 2019','2020-03-01 09:00:00',1,'Distributed',NULL,'2023-06-17 09:00:00',NULL,34,'App\\Models\\Staff','2023-06-17 09:00:00','2023-06-17 09:00:00'),(7,7,'To be replaced in 2019','2020-03-01 09:00:00',1,'Distributed',NULL,'2023-06-17 09:00:00',NULL,28,'App\\Models\\Staff','2023-06-17 09:00:00','2023-06-17 09:00:00'),(8,8,'To be replaced in 2019','2020-03-01 09:00:00',1,'Distributed',NULL,'2023-06-17 09:00:00',NULL,62,'App\\Models\\Staff','2023-06-17 09:00:00','2023-06-17 09:00:00'),(9,9,'1st Issue','2020-03-01 09:00:00',1,'Distributed',NULL,'2023-06-17 09:00:00',NULL,61,'App\\Models\\Staff','2023-06-17 09:00:00','2023-06-17 09:00:00'),(10,10,'Withdrawn','2020-03-01 09:00:00',1,'Distributed',NULL,'2023-06-17 09:00:00',NULL,157,'App\\Models\\Staff','2023-06-17 09:00:00','2023-06-17 09:00:00'),(11,11,'Withdrawn','2020-03-01 09:00:00',1,'Distributed',NULL,'2023-06-17 09:00:00',NULL,160,'App\\Models\\Staff','2023-06-17 09:00:00','2023-06-17 09:00:00'),(12,12,'To be replaced in 2019','2020-03-01 09:00:00',1,'Distributed',NULL,'2023-06-17 09:00:00',NULL,136,'App\\Models\\Staff','2023-06-17 09:00:00','2023-06-17 09:00:00'),(13,13,'To be replaced in 2019','2020-03-01 09:00:00',1,'Distributed',NULL,'2023-06-17 09:00:00',NULL,133,'App\\Models\\Staff','2023-06-17 09:00:00','2023-06-17 09:00:00'),(14,14,'To be replaced in 2019','2020-03-01 09:00:00',1,'Distributed',NULL,'2023-06-17 09:00:00',NULL,165,'App\\Models\\Staff','2023-06-17 09:00:00','2023-06-17 09:00:00'),(15,15,'To be replaced in 2019','2020-03-01 09:00:00',1,'Distributed',NULL,'2023-06-17 09:00:00',NULL,38,'App\\Models\\Staff','2023-06-17 09:00:00','2023-06-17 09:00:00'),(16,16,'To be replaced in 2019','2020-03-01 09:00:00',1,'Distributed',NULL,'2023-06-17 09:00:00',NULL,108,'App\\Models\\Staff','2023-06-17 09:00:00','2023-06-17 09:00:00'),(17,17,'To be replaced in 2019','2020-03-01 09:00:00',1,'Distributed',NULL,'2023-06-17 09:00:00',NULL,153,'App\\Models\\Staff','2023-06-17 09:00:00','2023-06-17 09:00:00'),(18,18,'To be replaced in 2019','2020-03-01 09:00:00',1,'Distributed',NULL,'2023-06-17 09:00:00',NULL,158,'App\\Models\\Staff','2023-06-17 09:00:00','2023-06-17 09:00:00'),(19,19,'To be replaced in 2019','2020-03-01 09:00:00',1,'Distributed',NULL,'2023-06-17 09:00:00',NULL,152,'App\\Models\\Staff','2023-06-17 09:00:00','2023-06-17 09:00:00'),(20,20,'To be replaced in 2019','2020-03-01 09:00:00',1,'Distributed',NULL,'2023-06-17 09:00:00',NULL,164,'App\\Models\\Staff','2023-06-17 09:00:00','2023-06-17 09:00:00'),(21,21,'To be replaced in 2019','2020-03-01 09:00:00',1,'Distributed',NULL,'2023-06-17 09:00:00',NULL,298,'App\\Models\\Staff','2023-06-17 09:00:00','2023-06-17 09:00:00'),(22,22,'To be replaced in 2019','2020-03-01 09:00:00',1,'Distributed',NULL,'2023-06-17 09:00:00',NULL,205,'App\\Models\\Staff','2023-06-17 09:00:00','2023-06-17 09:00:00'),(23,23,'To be replaced in 2019','2020-03-01 09:00:00',1,'Distributed',NULL,'2023-06-17 09:00:00',NULL,217,'App\\Models\\Staff','2023-06-17 09:00:00','2023-06-17 09:00:00'),(24,24,'To be replaced in 2019','2020-03-01 09:00:00',1,'Distributed',NULL,'2023-06-17 09:00:00',NULL,218,'App\\Models\\Staff','2023-06-17 09:00:00','2023-06-17 09:00:00'),(25,25,'To be replaced in 2019','2020-03-01 09:00:00',1,'Distributed',NULL,'2023-06-17 09:00:00',NULL,257,'App\\Models\\Staff','2023-06-17 09:00:00','2023-06-17 09:00:00'),(26,26,'To be replaced in 2019','2020-03-01 09:00:00',1,'Distributed',NULL,'2023-06-17 09:00:00',NULL,258,'App\\Models\\Staff','2023-06-17 09:00:00','2023-06-17 09:00:00'),(27,27,'To be replaced in 2019','2020-03-01 09:00:00',1,'Distributed',NULL,'2023-06-17 09:00:00',NULL,269,'App\\Models\\Staff','2023-06-17 09:00:00','2023-06-17 09:00:00'),(28,28,'1st Issue','2020-03-01 09:00:00',1,'Distributed',NULL,'2023-06-17 09:00:00',NULL,264,'App\\Models\\Staff','2023-06-17 09:00:00','2023-06-17 09:00:00'),(29,29,'To be replaced in 2019','2020-03-01 09:00:00',1,'Distributed',NULL,'2023-06-17 09:00:00',NULL,268,'App\\Models\\Staff','2023-06-17 09:00:00','2023-06-17 09:00:00'),(30,30,'To be replaced in 2019','2020-03-01 09:00:00',1,'Distributed',NULL,'2023-06-17 09:00:00',NULL,280,'App\\Models\\Staff','2023-06-17 09:00:00','2023-06-17 09:00:00'),(31,31,'To be replaced in 2019','2020-03-01 09:00:00',1,'Distributed',NULL,'2023-06-17 09:00:00',NULL,252,'App\\Models\\Staff','2023-06-17 09:00:00','2023-06-17 09:00:00'),(32,32,'To be replaced in 2019','2020-03-01 09:00:00',1,'Distributed',NULL,'2023-06-17 09:00:00',NULL,256,'App\\Models\\Staff','2023-06-17 09:00:00','2023-06-17 09:00:00'),(33,33,'To be replaced in 2019','2020-03-01 09:00:00',1,'Distributed',NULL,'2023-06-17 09:00:00',NULL,315,'App\\Models\\Staff','2023-06-17 09:00:00','2023-06-17 09:00:00'),(34,34,'To be replaced in 2019','2020-03-01 09:00:00',1,'Distributed',NULL,'2023-06-17 09:00:00',NULL,104,'App\\Models\\Staff','2023-06-17 09:00:00','2023-06-17 09:00:00'),(35,35,'To be replaced in 2019','2020-03-01 09:00:00',1,'Distributed',NULL,'2023-06-17 09:00:00',NULL,304,'App\\Models\\Staff','2023-06-17 09:00:00','2023-06-17 09:00:00'),(36,36,'To be replaced in 2019','2020-03-01 09:00:00',1,'Distributed',NULL,'2023-06-17 09:00:00',NULL,303,'App\\Models\\Staff','2023-06-17 09:00:00','2023-06-17 09:00:00'),(37,37,'To be replaced in 2019','2020-03-01 09:00:00',1,'Distributed',NULL,'2023-06-17 09:00:00',NULL,167,'App\\Models\\Staff','2023-06-17 09:00:00','2023-06-17 09:00:00'),(38,38,'To be replaced in 2019','2020-03-01 09:00:00',1,'Distributed',NULL,'2023-06-17 09:00:00',NULL,311,'App\\Models\\Staff','2023-06-17 09:00:00','2023-06-17 09:00:00'),(39,39,'To be replaced in 2019','2020-03-01 09:00:00',1,'Distributed',NULL,'2023-06-17 09:00:00',NULL,316,'App\\Models\\Staff','2023-06-17 09:00:00','2023-06-17 09:00:00'),(40,40,'To be replaced in 2019','2020-03-01 09:00:00',1,'Distributed',NULL,'2023-06-17 09:00:00',NULL,314,'App\\Models\\Staff','2023-06-17 09:00:00','2023-06-17 09:00:00'),(41,41,'Withdrawn','2020-03-01 09:00:00',1,'Distributed',NULL,'2023-06-17 09:00:00',NULL,295,'App\\Models\\Staff','2023-06-17 09:00:00','2023-06-17 09:00:00'),(42,42,'To be replaced in 2019','2020-03-01 09:00:00',1,'Distributed',NULL,'2023-06-17 09:00:00',NULL,324,'App\\Models\\Staff','2023-06-17 09:00:00','2023-06-17 09:00:00'),(43,43,'To be replaced in 2019','2020-03-01 09:00:00',1,'Distributed',NULL,'2023-06-17 09:00:00',NULL,335,'App\\Models\\Staff','2023-06-17 09:00:00','2023-06-17 09:00:00'),(44,44,'To be replaced in 2019','2020-03-01 09:00:00',1,'Distributed',NULL,'2023-06-17 09:00:00',NULL,331,'App\\Models\\Staff','2023-06-17 09:00:00','2023-06-17 09:00:00'),(45,45,'To be replaced in 2019','2020-03-01 09:00:00',1,'Distributed',NULL,'2023-06-17 09:00:00',NULL,330,'App\\Models\\Staff','2023-06-17 09:00:00','2023-06-17 09:00:00'),(46,46,'1st Issue','2020-03-01 09:00:00',1,'Distributed',NULL,'2023-06-17 09:00:00',NULL,74,'App\\Models\\Staff','2023-06-17 09:00:00','2023-06-17 09:00:00'),(47,47,'Re-issue from 2017','2020-03-01 09:00:00',1,'Distributed',NULL,'2023-06-17 09:00:00',NULL,45,'App\\Models\\Staff','2023-06-17 09:00:00','2023-06-17 09:00:00'),(48,48,'Re-issue from 2017','2020-03-01 09:00:00',1,'Distributed',NULL,'2023-06-17 09:00:00',NULL,321,'App\\Models\\Staff','2023-06-17 09:00:00','2023-06-17 09:00:00'),(49,49,'Re-issue from 2017','2020-03-01 09:00:00',1,'Distributed',NULL,'2023-06-17 09:00:00',NULL,224,'App\\Models\\Staff','2023-06-17 09:00:00','2023-06-17 09:00:00'),(50,50,'Re-issue from 2017','2020-03-01 09:00:00',1,'Distributed',NULL,'2023-06-17 09:00:00',NULL,112,'App\\Models\\Staff','2023-06-17 09:00:00','2023-06-17 09:00:00'),(51,51,'1st Issue','2020-03-01 09:00:00',1,'Distributed',NULL,'2023-06-17 09:00:00',NULL,16,'App\\Models\\Staff','2023-06-17 09:00:00','2023-06-17 09:00:00'),(52,52,'1st Issue','2020-03-01 09:00:00',1,'Distributed',NULL,'2023-06-17 09:00:00',NULL,320,'App\\Models\\Staff','2023-06-17 09:00:00','2023-06-17 09:00:00'),(53,53,'1st Issue','2020-03-01 09:00:00',1,'Distributed',NULL,'2023-06-17 09:00:00',NULL,92,'App\\Models\\Staff','2023-06-17 09:00:00','2023-06-17 09:00:00'),(54,54,'1st Issue','2020-03-01 09:00:00',1,'Distributed',NULL,'2023-06-17 09:00:00',NULL,239,'App\\Models\\Staff','2023-06-17 09:00:00','2023-06-17 09:00:00'),(55,55,'1st Issue','2020-03-01 09:00:00',1,'Distributed',NULL,'2023-06-17 09:00:00',NULL,176,'App\\Models\\Staff','2023-06-17 09:00:00','2023-06-17 09:00:00'),(56,56,'1st Issue','2020-03-01 09:00:00',1,'Distributed',NULL,'2023-06-17 09:00:00',NULL,177,'App\\Models\\Staff','2023-06-17 09:00:00','2023-06-17 09:00:00'),(57,57,'To be replaced in 2019','2020-06-01 09:00:00',1,'Distributed',NULL,'2023-06-17 09:00:00',NULL,302,'App\\Models\\Staff','2023-06-17 09:00:00','2023-06-17 09:00:00'),(58,58,'To be replaced in 2020','2020-06-01 09:00:00',1,'Distributed',NULL,'2023-06-17 09:00:00',NULL,96,'App\\Models\\Staff','2023-06-17 09:00:00','2023-06-17 09:00:00'),(59,59,'To be replaced in 2019','2020-06-01 09:00:00',1,'Distributed',NULL,'2023-06-17 09:00:00',NULL,130,'App\\Models\\Staff','2023-06-17 09:00:00','2023-06-17 09:00:00'),(60,60,'To be replaced in 2019','2020-06-01 09:00:00',1,'Distributed',NULL,'2023-06-17 09:00:00',NULL,126,'App\\Models\\Staff','2023-06-17 09:00:00','2023-06-17 09:00:00'),(61,61,'To be replaced in 2019','2020-06-01 09:00:00',1,'Distributed',NULL,'2023-06-17 09:00:00',NULL,129,'App\\Models\\Staff','2023-06-17 09:00:00','2023-06-17 09:00:00'),(62,62,'To be repaced in 2018','2020-06-01 09:00:00',1,'Distributed',NULL,'2023-06-17 09:00:00',NULL,216,'App\\Models\\Staff','2023-06-17 09:00:00','2023-06-17 09:00:00'),(63,63,'To be replaced in 2019','2020-06-01 09:00:00',1,'Distributed',NULL,'2023-06-17 09:00:00',NULL,223,'App\\Models\\Staff','2023-06-17 09:00:00','2023-06-17 09:00:00'),(64,64,'To be replaced in 2019','2020-06-01 09:00:00',1,'Distributed',NULL,'2023-06-17 09:00:00',NULL,47,'App\\Models\\Staff','2023-06-17 09:00:00','2023-06-17 09:00:00'),(65,65,'To be replaced in 2019','2020-06-01 09:00:00',1,'Distributed',NULL,'2023-06-17 09:00:00',NULL,259,'App\\Models\\Staff','2023-06-17 09:00:00','2023-06-17 09:00:00'),(66,66,'Re-issue','2020-06-01 09:00:00',1,'Distributed',NULL,'2023-06-17 09:00:00',NULL,159,'App\\Models\\Staff','2023-06-17 09:00:00','2023-06-17 09:00:00'),(67,67,'To be replaced in 2020','2020-06-01 09:00:00',1,'Distributed',NULL,'2023-06-17 09:00:00',NULL,178,'App\\Models\\Staff','2023-06-17 09:00:00','2023-06-17 09:00:00'),(68,68,'To be replaced in 2020','2020-06-01 09:00:00',1,'Distributed',NULL,'2023-06-17 09:00:00',NULL,173,'App\\Models\\Staff','2023-06-17 09:00:00','2023-06-17 09:00:00'),(69,69,'To be replaced in 2020','2020-06-01 09:00:00',1,'Distributed',NULL,'2023-06-17 09:00:00',NULL,36,'App\\Models\\Staff','2023-06-17 09:00:00','2023-06-17 09:00:00'),(70,70,'To be replaced in 2020','2020-06-01 09:00:00',1,'Distributed',NULL,'2023-06-17 09:00:00',NULL,57,'App\\Models\\Staff','2023-06-17 09:00:00','2023-06-17 09:00:00'),(71,71,'Re-issue','2020-06-01 09:00:00',1,'Distributed',NULL,'2023-06-17 09:00:00',NULL,161,'App\\Models\\Staff','2023-06-17 09:00:00','2023-06-17 09:00:00'),(72,72,'Re-issue','2020-06-01 09:00:00',1,'Distributed',NULL,'2023-06-17 09:00:00',NULL,70,'App\\Models\\Staff','2023-06-17 09:00:00','2023-06-17 09:00:00'),(73,73,'Re-issue','2020-06-01 09:00:00',1,'Distributed',NULL,'2023-06-17 09:00:00',NULL,79,'App\\Models\\Staff','2023-06-17 09:00:00','2023-06-17 09:00:00'),(74,74,'To be replaced in 2020','2020-06-01 09:00:00',1,'Distributed',NULL,'2023-06-17 09:00:00',NULL,114,'App\\Models\\Staff','2023-06-17 09:00:00','2023-06-17 09:00:00'),(75,75,'Re-issue','2020-06-01 09:00:00',1,'Distributed',NULL,'2023-06-17 09:00:00',NULL,156,'App\\Models\\Staff','2023-06-17 09:00:00','2023-06-17 09:00:00'),(76,76,'Withdraw','2020-06-01 09:00:00',1,'Distributed',NULL,'2023-06-17 09:00:00',NULL,44,'App\\Models\\Staff','2023-06-17 09:00:00','2023-06-17 09:00:00'),(77,77,'1st Issue','2020-06-01 09:00:00',1,'Distributed',NULL,'2023-06-17 09:00:00',NULL,105,'App\\Models\\Staff','2023-06-17 09:00:00','2023-06-17 09:00:00'),(78,78,'1st Issue','2020-06-01 09:00:00',1,'Distributed',NULL,'2023-06-17 09:00:00',NULL,206,'App\\Models\\Staff','2023-06-17 09:00:00','2023-06-17 09:00:00'),(79,79,'Re-issue','2020-09-01 09:00:00',1,'Distributed',NULL,'2023-06-17 09:00:00',NULL,75,'App\\Models\\Staff','2023-06-17 09:00:00','2023-06-17 09:00:00'),(80,80,'To be replaced in 2019','2020-09-01 09:00:00',1,'Distributed',NULL,'2023-06-17 09:00:00',NULL,221,'App\\Models\\Staff','2023-06-17 09:00:00','2023-06-17 09:00:00'),(81,81,'To be replaced in 2019','2020-09-01 09:00:00',1,'Distributed',NULL,'2023-06-17 09:00:00',NULL,60,'App\\Models\\Staff','2023-06-17 09:00:00','2023-06-17 09:00:00'),(82,82,'','2020-09-01 09:00:00',1,'Distributed',NULL,'2023-06-17 09:00:00',NULL,313,'App\\Models\\Staff','2023-06-17 09:00:00','2023-06-17 09:00:00'),(83,83,'','2020-09-01 09:00:00',1,'Distributed',NULL,'2023-06-17 09:00:00',NULL,144,'App\\Models\\Staff','2023-06-17 09:00:00','2023-06-17 09:00:00'),(84,84,'To be replaced in 2019','2020-09-01 09:00:00',1,'Distributed',NULL,'2023-06-17 09:00:00',NULL,329,'App\\Models\\Staff','2023-06-17 09:00:00','2023-06-17 09:00:00'),(85,85,'To be replaced in 2020','2020-09-01 09:00:00',1,'Distributed',NULL,'2023-06-17 09:00:00',NULL,132,'App\\Models\\Staff','2023-06-17 09:00:00','2023-06-17 09:00:00'),(86,86,'To be replaced in 2020','2020-09-01 09:00:00',1,'Distributed',NULL,'2023-06-17 09:00:00',NULL,294,'App\\Models\\Staff','2023-06-17 09:00:00','2023-06-17 09:00:00'),(87,87,'1st Issue','2020-09-01 09:00:00',1,'Distributed',NULL,'2023-06-17 09:00:00',NULL,110,'App\\Models\\Staff','2023-06-17 09:00:00','2023-06-17 09:00:00'),(88,88,'To be replaced in 2020','2020-09-01 09:00:00',1,'Distributed',NULL,'2023-06-17 09:00:00',NULL,175,'App\\Models\\Staff','2023-06-17 09:00:00','2023-06-17 09:00:00'),(89,89,'To be replaced in 2020','2020-09-01 09:00:00',1,'Distributed',NULL,'2023-06-17 09:00:00',NULL,193,'App\\Models\\Staff','2023-06-17 09:00:00','2023-06-17 09:00:00'),(90,90,'To be replaced in 2020','2020-09-01 09:00:00',1,'Distributed',NULL,'2023-06-17 09:00:00',NULL,187,'App\\Models\\Staff','2023-06-17 09:00:00','2023-06-17 09:00:00'),(91,91,'To be replaced in 2020','2020-09-01 09:00:00',1,'Distributed',NULL,'2023-06-17 09:00:00',NULL,345,'App\\Models\\Staff','2023-06-17 09:00:00','2023-06-17 09:00:00'),(92,92,'To be replaced in 2020','2020-09-01 09:00:00',1,'Distributed',NULL,'2023-06-17 09:00:00',NULL,312,'App\\Models\\Staff','2023-06-17 09:00:00','2023-06-17 09:00:00'),(93,93,'To be replaced in 2020','2020-09-01 09:00:00',1,'Distributed',NULL,'2023-06-17 09:00:00',NULL,307,'App\\Models\\Staff','2023-06-17 09:00:00','2023-06-17 09:00:00'),(94,94,'To be replaced in 2020','2020-09-01 09:00:00',1,'Distributed',NULL,'2023-06-17 09:00:00',NULL,267,'App\\Models\\Staff','2023-06-17 09:00:00','2023-06-17 09:00:00'),(95,95,'To be replaced in 2020','2020-09-01 09:00:00',1,'Distributed',NULL,'2023-06-17 09:00:00',NULL,227,'App\\Models\\Staff','2023-06-17 09:00:00','2023-06-17 09:00:00'),(96,96,'To be replaced in 2020','2020-09-01 09:00:00',1,'Distributed',NULL,'2023-06-17 09:00:00',NULL,278,'App\\Models\\Staff','2023-06-17 09:00:00','2023-06-17 09:00:00'),(97,97,'To be replaced in 2020','2020-09-01 09:00:00',1,'Distributed',NULL,'2023-06-17 09:00:00',NULL,160,'App\\Models\\Staff','2023-06-17 09:00:00','2023-06-17 09:00:00'),(98,98,'Withdrawn','2020-09-01 09:00:00',1,'Distributed',NULL,'2023-06-17 09:00:00',NULL,163,'App\\Models\\Staff','2023-06-17 09:00:00','2023-06-17 09:00:00'),(99,99,'','2020-09-01 09:00:00',1,'Distributed',NULL,'2023-06-17 09:00:00',NULL,185,'App\\Models\\Staff','2023-06-17 09:00:00','2023-06-17 09:00:00'),(100,100,'','2020-09-01 09:00:00',1,'Distributed',NULL,'2023-06-17 09:00:00',NULL,192,'App\\Models\\Staff','2023-06-17 09:00:00','2023-06-17 09:00:00'),(101,101,'','2020-09-01 09:00:00',1,'Distributed',NULL,'2023-06-17 09:00:00',NULL,186,'App\\Models\\Staff','2023-06-17 09:00:00','2023-06-17 09:00:00'),(102,102,'','2020-09-01 09:00:00',1,'Distributed',NULL,'2023-06-17 09:00:00',NULL,309,'App\\Models\\Staff','2023-06-17 09:00:00','2023-06-17 09:00:00'),(103,103,'','2020-09-01 09:00:00',1,'Distributed',NULL,'2023-06-17 09:00:00',NULL,69,'App\\Models\\Staff','2023-06-17 09:00:00','2023-06-17 09:00:00'),(104,104,'','2020-09-01 09:00:00',1,'Distributed',NULL,'2023-06-17 09:00:00',NULL,162,'App\\Models\\Staff','2023-06-17 09:00:00','2023-06-17 09:00:00'),(105,105,'To be replaced in 2020','2020-09-01 09:00:00',1,'Distributed',NULL,'2023-06-17 09:00:00',NULL,255,'App\\Models\\Staff','2023-06-17 09:00:00','2023-06-17 09:00:00'),(106,106,'','2020-09-01 09:00:00',1,'Distributed',NULL,'2023-06-17 09:00:00',NULL,166,'App\\Models\\Staff','2023-06-17 09:00:00','2023-06-17 09:00:00'),(107,107,'To be replaced in 2024','2020-09-01 09:00:00',1,'Distributed',NULL,'2023-06-17 09:00:00',NULL,210,'App\\Models\\Staff','2023-06-17 09:00:00','2023-06-17 09:00:00'),(108,108,'To be replaced in 2020','2020-09-01 09:00:00',1,'Distributed',NULL,'2023-06-17 09:00:00',NULL,261,'App\\Models\\Staff','2023-06-17 09:00:00','2023-06-17 09:00:00'),(109,109,'To be replaced in 2020','2020-09-01 09:00:00',1,'Distributed',NULL,'2023-06-17 09:00:00',NULL,97,'App\\Models\\Staff','2023-06-17 09:00:00','2023-06-17 09:00:00'),(110,110,'To be replaced in 2020','2020-12-01 09:00:00',1,'Distributed',NULL,'2023-06-17 09:00:00',NULL,24,'App\\Models\\Staff','2023-06-17 09:00:00','2023-06-17 09:00:00'),(111,111,'To be replaced in 2020','2020-12-01 09:00:00',1,'Distributed',NULL,'2023-06-17 09:00:00',NULL,35,'App\\Models\\Staff','2023-06-17 09:00:00','2023-06-17 09:00:00'),(112,112,'To be replaced in 2020','2020-12-01 09:00:00',1,'Distributed',NULL,'2023-06-17 09:00:00',NULL,20,'App\\Models\\Staff','2023-06-17 09:00:00','2023-06-17 09:00:00'),(113,113,'To be replaced in 2020','2020-12-01 09:00:00',1,'Distributed',NULL,'2023-06-17 09:00:00',NULL,15,'App\\Models\\Staff','2023-06-17 09:00:00','2023-06-17 09:00:00'),(114,114,'To be replaced in 2020','2020-12-01 09:00:00',1,'Distributed',NULL,'2023-06-17 09:00:00',NULL,33,'App\\Models\\Staff','2023-06-17 09:00:00','2023-06-17 09:00:00'),(115,115,'To be replaced in 2022','2020-12-01 09:00:00',1,'Distributed',NULL,'2023-06-17 09:00:00',NULL,25,'App\\Models\\Staff','2023-06-17 09:00:00','2023-06-17 09:00:00'),(116,116,'To be replaced in 2020','2020-12-01 09:00:00',1,'Distributed',NULL,'2023-06-17 09:00:00',NULL,32,'App\\Models\\Staff','2023-06-17 09:00:00','2023-06-17 09:00:00'),(117,117,'To be replaced in 2020','2020-12-01 09:00:00',1,'Distributed',NULL,'2023-06-17 09:00:00',NULL,31,'App\\Models\\Staff','2023-06-17 09:00:00','2023-06-17 09:00:00'),(118,118,'To be replaced in 2020','2020-12-01 09:00:00',1,'Distributed',NULL,'2023-06-17 09:00:00',NULL,27,'App\\Models\\Staff','2023-06-17 09:00:00','2023-06-17 09:00:00'),(119,119,'To be replaced in 2020','2020-12-01 09:00:00',1,'Distributed',NULL,'2023-06-17 09:00:00',NULL,348,'App\\Models\\Staff','2023-06-17 09:00:00','2023-06-17 09:00:00'),(120,120,'To be replaced in 2020','2020-12-01 09:00:00',1,'Distributed',NULL,'2023-06-17 09:00:00',NULL,90,'App\\Models\\Staff','2023-06-17 09:00:00','2023-06-17 09:00:00'),(121,121,'To be replaced in 2020','2020-12-01 09:00:00',1,'Distributed',NULL,'2023-06-17 09:00:00',NULL,95,'App\\Models\\Staff','2023-06-17 09:00:00','2023-06-17 09:00:00'),(122,122,'To be replaced in 2022','2020-12-01 09:00:00',1,'Distributed',NULL,'2023-06-17 09:00:00',NULL,86,'App\\Models\\Staff','2023-06-17 09:00:00','2023-06-17 09:00:00'),(123,123,'To be replaced in 2022','2020-12-01 09:00:00',1,'Distributed',NULL,'2023-06-17 09:00:00',NULL,253,'App\\Models\\Staff','2023-06-17 09:00:00','2023-06-17 09:00:00'),(124,124,'To be replaced in 2020','2020-12-01 09:00:00',1,'Distributed',NULL,'2023-06-17 09:00:00',NULL,111,'App\\Models\\Staff','2023-06-17 09:00:00','2023-06-17 09:00:00'),(125,125,'To be replaced in 2022','2020-12-01 09:00:00',1,'Distributed',NULL,'2023-06-17 09:00:00',NULL,134,'App\\Models\\Staff','2023-06-17 09:00:00','2023-06-17 09:00:00'),(126,126,'To be replaced in 2020','2020-12-01 09:00:00',1,'Distributed',NULL,'2023-06-17 09:00:00',NULL,155,'App\\Models\\Staff','2023-06-17 09:00:00','2023-06-17 09:00:00'),(127,127,'To be replaced in 2020','2020-12-01 09:00:00',1,'Distributed',NULL,'2023-06-17 09:00:00',NULL,154,'App\\Models\\Staff','2023-06-17 09:00:00','2023-06-17 09:00:00'),(128,128,'To be replaced in 2020','2020-12-01 09:00:00',1,'Distributed',NULL,'2023-06-17 09:00:00',NULL,66,'App\\Models\\Staff','2023-06-17 09:00:00','2023-06-17 09:00:00'),(129,129,'To be replaced in 2020','2020-12-01 09:00:00',1,'Distributed',NULL,'2023-06-17 09:00:00',NULL,230,'App\\Models\\Staff','2023-06-17 09:00:00','2023-06-17 09:00:00'),(130,130,'To be replaced in 2020','2020-12-01 09:00:00',1,'Distributed',NULL,'2023-06-17 09:00:00',NULL,212,'App\\Models\\Staff','2023-06-17 09:00:00','2023-06-17 09:00:00'),(131,131,'To be replaced in 2020','2020-12-01 09:00:00',1,'Distributed',NULL,'2023-06-17 09:00:00',NULL,213,'App\\Models\\Staff','2023-06-17 09:00:00','2023-06-17 09:00:00'),(132,132,'To be replaced in 2020','2020-12-01 09:00:00',1,'Distributed',NULL,'2023-06-17 09:00:00',NULL,214,'App\\Models\\Staff','2023-06-17 09:00:00','2023-06-17 09:00:00'),(133,133,'To be replaced in 2020','2020-12-01 09:00:00',1,'Distributed',NULL,'2023-06-17 09:00:00',NULL,229,'App\\Models\\Staff','2023-06-17 09:00:00','2023-06-17 09:00:00'),(134,134,'To be replaced in 2020','2020-12-01 09:00:00',1,'Distributed',NULL,'2023-06-17 09:00:00',NULL,209,'App\\Models\\Staff','2023-06-17 09:00:00','2023-06-17 09:00:00'),(135,135,'To be replaced in 2020','2020-12-01 09:00:00',1,'Distributed',NULL,'2023-06-17 09:00:00',NULL,233,'App\\Models\\Staff','2023-06-17 09:00:00','2023-06-17 09:00:00'),(136,136,'To be replaced in 2020','2020-12-01 09:00:00',1,'Distributed',NULL,'2023-06-17 09:00:00',NULL,259,'App\\Models\\Staff','2023-06-17 09:00:00','2023-06-17 09:00:00'),(137,137,'To be replaced in 2020','2020-12-01 09:00:00',1,'Distributed',NULL,'2023-06-17 09:00:00',NULL,265,'App\\Models\\Staff','2023-06-17 09:00:00','2023-06-17 09:00:00'),(138,138,'To be replaced in 2020','2020-12-01 09:00:00',1,'Distributed',NULL,'2023-06-17 09:00:00',NULL,251,'App\\Models\\Staff','2023-06-17 09:00:00','2023-06-17 09:00:00'),(139,139,'To be replaced in 2022','2020-12-01 09:00:00',1,'Distributed',NULL,'2023-06-17 09:00:00',NULL,263,'App\\Models\\Staff','2023-06-17 09:00:00','2023-06-17 09:00:00'),(140,140,'To be replaced in 2022','2020-12-01 09:00:00',1,'Distributed',NULL,'2023-06-17 09:00:00',NULL,252,'App\\Models\\Staff','2023-06-17 09:00:00','2023-06-17 09:00:00'),(141,141,'To be replaced in 2021','2020-12-01 09:00:00',1,'Distributed',NULL,'2023-06-17 09:00:00',NULL,277,'App\\Models\\Staff','2023-06-17 09:00:00','2023-06-17 09:00:00'),(142,142,'To be replaced in 2022','2020-12-01 09:00:00',1,'Distributed',NULL,'2023-06-17 09:00:00',NULL,279,'App\\Models\\Staff','2023-06-17 09:00:00','2023-06-17 09:00:00'),(143,143,'To be replaced in 2020','2020-12-01 09:00:00',1,'Distributed',NULL,'2023-06-17 09:00:00',NULL,296,'App\\Models\\Staff','2023-06-17 09:00:00','2023-06-17 09:00:00'),(144,144,'To be replaced in 2020','2020-12-01 09:00:00',1,'Distributed',NULL,'2023-06-17 09:00:00',NULL,308,'App\\Models\\Staff','2023-06-17 09:00:00','2023-06-17 09:00:00'),(145,145,'To be replaced in 2020','2020-12-01 09:00:00',1,'Distributed',NULL,'2023-06-17 09:00:00',NULL,332,'App\\Models\\Staff','2023-06-17 09:00:00','2023-06-17 09:00:00'),(146,146,'To be replaced in 2020','2020-12-01 09:00:00',1,'Distributed',NULL,'2023-06-17 09:00:00',NULL,331,'App\\Models\\Staff','2023-06-17 09:00:00','2023-06-17 09:00:00'),(147,147,'1st Issue','2020-12-01 09:00:00',1,'Distributed',NULL,'2023-06-17 09:00:00',NULL,74,'App\\Models\\Staff','2023-06-17 09:00:00','2023-06-17 09:00:00'),(148,148,'To be repaced in 2023','2020-12-01 09:00:00',1,'Distributed',NULL,'2023-06-17 09:00:00',NULL,30,'App\\Models\\Staff','2023-06-17 09:00:00','2023-06-17 09:00:00'),(149,149,'To be repaced in 2023','2020-12-01 09:00:00',1,'Distributed',NULL,'2023-06-17 09:00:00',NULL,37,'App\\Models\\Staff','2023-06-17 09:00:00','2023-06-17 09:00:00'),(150,150,'To be repaced in 2022','2020-12-01 09:00:00',1,'Distributed',NULL,'2023-06-17 09:00:00',NULL,341,'App\\Models\\Staff','2023-06-17 09:00:00','2023-06-17 09:00:00'),(151,151,'To be repaced in 2023','2020-12-01 09:00:00',1,'Distributed',NULL,'2023-06-17 09:00:00',NULL,222,'App\\Models\\Staff','2023-06-17 09:00:00','2023-06-17 09:00:00'),(152,152,'To be replaced in 2020','2020-12-01 09:00:00',1,'Distributed',NULL,'2023-06-17 09:00:00',NULL,336,'App\\Models\\Staff','2023-06-17 09:00:00','2023-06-17 09:00:00'),(153,153,'To be replaced in 2020','2020-12-01 09:00:00',1,'Distributed',NULL,'2023-06-17 09:00:00',NULL,220,'App\\Models\\Staff','2023-06-17 09:00:00','2023-06-17 09:00:00'),(154,154,'To be replaced in 2020','2020-12-01 09:00:00',1,'Distributed',NULL,'2023-06-17 09:00:00',NULL,13,'App\\Models\\Staff','2023-06-17 09:00:00','2023-06-17 09:00:00'),(155,155,'To be replaced in 2020','2020-12-01 09:00:00',1,'Distributed',NULL,'2023-06-17 09:00:00',NULL,48,'App\\Models\\Staff','2023-06-17 09:00:00','2023-06-17 09:00:00'),(156,156,'To be replaced in 2024','2020-12-01 09:00:00',1,'Distributed',NULL,'2023-06-17 09:00:00',NULL,78,'App\\Models\\Staff','2023-06-17 09:00:00','2023-06-17 09:00:00'),(157,157,'To be replaced in 2024','2020-12-01 09:00:00',1,'Distributed',NULL,'2023-06-17 09:00:00',NULL,77,'App\\Models\\Staff','2023-06-17 09:00:00','2023-06-17 09:00:00'),(158,158,'To be replaced in 2024','2020-12-01 09:00:00',1,'Distributed',NULL,'2023-06-17 09:00:00',NULL,340,'App\\Models\\Staff','2023-06-17 09:00:00','2023-06-17 09:00:00'),(159,159,'To be replaced in 2020','2020-12-01 09:00:00',1,'Distributed',NULL,'2023-06-17 09:00:00',NULL,190,'App\\Models\\Staff','2023-06-17 09:00:00','2023-06-17 09:00:00'),(160,160,'Re-issue from 2017','2020-12-01 09:00:00',1,'Distributed',NULL,'2023-06-17 09:00:00',NULL,45,'App\\Models\\Staff','2023-06-17 09:00:00','2023-06-17 09:00:00'),(161,161,'To be replaced in 2024','2020-12-01 09:00:00',1,'Distributed',NULL,'2023-06-17 09:00:00',NULL,277,'App\\Models\\Staff','2023-06-17 09:00:00','2023-06-17 09:00:00'),(162,162,'To be replaced in 2020','2020-12-01 09:00:00',1,'Distributed',NULL,'2023-06-17 09:00:00',NULL,241,'App\\Models\\Staff','2023-06-17 09:00:00','2023-06-17 09:00:00'),(163,163,'To be replaced in 2024','2020-12-01 09:00:00',1,'Distributed',NULL,'2023-06-17 09:00:00',NULL,33,'App\\Models\\Staff','2023-06-17 09:00:00','2023-06-17 09:00:00'),(164,164,'To be replaced in 2024','2020-12-01 09:00:00',1,'Distributed',NULL,'2023-06-17 09:00:00',NULL,230,'App\\Models\\Staff','2023-06-17 09:00:00','2023-06-17 09:00:00'),(165,165,'1st Issue','2020-12-01 09:00:00',1,'Distributed',NULL,'2023-06-17 09:00:00',NULL,115,'App\\Models\\Staff','2023-06-17 09:00:00','2023-06-17 09:00:00'),(166,166,'1st Issue','2020-12-01 09:00:00',1,'Distributed',NULL,'2023-06-17 09:00:00',NULL,116,'App\\Models\\Staff','2023-06-17 09:00:00','2023-06-17 09:00:00'),(167,167,'1st Issue','2020-12-01 09:00:00',1,'Distributed',NULL,'2023-06-17 09:00:00',NULL,117,'App\\Models\\Staff','2023-06-17 09:00:00','2023-06-17 09:00:00'),(168,168,'1st Issue','2020-12-01 09:00:00',1,'Distributed',NULL,'2023-06-17 09:00:00',NULL,118,'App\\Models\\Staff','2023-06-17 09:00:00','2023-06-17 09:00:00'),(169,169,'1st Issue','2020-12-01 09:00:00',1,'Distributed',NULL,'2023-06-17 09:00:00',NULL,121,'App\\Models\\Staff','2023-06-17 09:00:00','2023-06-17 09:00:00'),(170,170,'1st Issue','2020-12-01 09:00:00',1,'Distributed',NULL,'2023-06-17 09:00:00',NULL,120,'App\\Models\\Staff','2023-06-17 09:00:00','2023-06-17 09:00:00'),(171,171,'1st Issue','2020-12-01 09:00:00',1,'Distributed',NULL,'2023-06-17 09:00:00',NULL,119,'App\\Models\\Staff','2023-06-17 09:00:00','2023-06-17 09:00:00'),(172,172,'1st Issue','2020-12-01 09:00:00',1,'Distributed',NULL,'2023-06-17 09:00:00',NULL,122,'App\\Models\\Staff','2023-06-17 09:00:00','2023-06-17 09:00:00'),(173,173,'1st Issue','2020-12-01 09:00:00',1,'Distributed',NULL,'2023-06-17 09:00:00',NULL,156,'App\\Models\\Staff','2023-06-17 09:00:00','2023-06-17 09:00:00'),(174,174,'1st Issue','2020-12-01 09:00:00',1,'Distributed',NULL,'2023-06-17 09:00:00',NULL,58,'App\\Models\\Staff','2023-06-17 09:00:00','2023-06-17 09:00:00'),(175,175,'EOL','2021-03-01 09:00:00',1,'Distributed',NULL,'2023-06-17 09:00:00',NULL,14,'App\\Models\\Staff','2023-06-17 09:00:00','2023-06-17 09:00:00'),(176,176,'EOL','2021-03-01 09:00:00',1,'Distributed',NULL,'2023-06-17 09:00:00',NULL,18,'App\\Models\\Staff','2023-06-17 09:00:00','2023-06-17 09:00:00'),(177,177,'STOLEN','2021-03-01 09:00:00',1,'Distributed',NULL,'2023-06-17 09:00:00',NULL,71,'App\\Models\\Staff','2023-06-17 09:00:00','2023-06-17 09:00:00'),(178,178,'1st Issue','2021-03-01 09:00:00',1,'Distributed',NULL,'2023-06-17 09:00:00',NULL,91,'App\\Models\\Staff','2023-06-17 09:00:00','2023-06-17 09:00:00'),(179,179,'','2021-03-01 09:00:00',1,'Distributed',NULL,'2023-06-17 09:00:00',NULL,89,'App\\Models\\Staff','2023-06-17 09:00:00','2023-06-17 09:00:00'),(180,180,'','2021-03-01 09:00:00',1,'Distributed',NULL,'2023-06-17 09:00:00',NULL,87,'App\\Models\\Staff','2023-06-17 09:00:00','2023-06-17 09:00:00'),(181,181,'','2021-03-01 09:00:00',1,'Distributed',NULL,'2023-06-17 09:00:00',NULL,158,'App\\Models\\Staff','2023-06-17 09:00:00','2023-06-17 09:00:00'),(182,182,'EOL','2021-03-01 09:00:00',1,'Distributed',NULL,'2023-06-17 09:00:00',NULL,215,'App\\Models\\Staff','2023-06-17 09:00:00','2023-06-17 09:00:00'),(183,183,'EOL','2021-03-01 09:00:00',1,'Distributed',NULL,'2023-06-17 09:00:00',NULL,234,'App\\Models\\Staff','2023-06-17 09:00:00','2023-06-17 09:00:00'),(184,184,'','2021-03-01 09:00:00',1,'Distributed',NULL,'2023-06-17 09:00:00',NULL,228,'App\\Models\\Staff','2023-06-17 09:00:00','2023-06-17 09:00:00'),(185,185,'','2021-03-01 09:00:00',1,'Distributed',NULL,'2023-06-17 09:00:00',NULL,225,'App\\Models\\Staff','2023-06-17 09:00:00','2023-06-17 09:00:00'),(186,186,'EOL','2021-03-01 09:00:00',1,'Distributed',NULL,'2023-06-17 09:00:00',NULL,240,'App\\Models\\Staff','2023-06-17 09:00:00','2023-06-17 09:00:00'),(187,187,'','2021-03-01 09:00:00',1,'Distributed',NULL,'2023-06-17 09:00:00',NULL,266,'App\\Models\\Staff','2023-06-17 09:00:00','2023-06-17 09:00:00'),(188,188,'EOL','2021-03-01 09:00:00',1,'Distributed',NULL,'2023-06-17 09:00:00',NULL,262,'App\\Models\\Staff','2023-06-17 09:00:00','2023-06-17 09:00:00'),(189,189,'','2021-03-01 09:00:00',1,'Distributed',NULL,'2023-06-17 09:00:00',NULL,269,'App\\Models\\Staff','2023-06-17 09:00:00','2023-06-17 09:00:00'),(190,190,'EOL','2021-03-01 09:00:00',1,'Distributed',NULL,'2023-06-17 09:00:00',NULL,275,'App\\Models\\Staff','2023-06-17 09:00:00','2023-06-17 09:00:00'),(191,191,'','2021-03-01 09:00:00',1,'Distributed',NULL,'2023-06-17 09:00:00',NULL,276,'App\\Models\\Staff','2023-06-17 09:00:00','2023-06-17 09:00:00'),(192,192,'EOL','2021-03-01 09:00:00',1,'Distributed',NULL,'2023-06-17 09:00:00',NULL,293,'App\\Models\\Staff','2023-06-17 09:00:00','2023-06-17 09:00:00'),(193,193,'','2021-03-01 09:00:00',1,'Distributed',NULL,'2023-06-17 09:00:00',NULL,310,'App\\Models\\Staff','2023-06-17 09:00:00','2023-06-17 09:00:00'),(194,194,'EOL','2021-03-01 09:00:00',1,'Distributed',NULL,'2023-06-17 09:00:00',NULL,323,'App\\Models\\Staff','2023-06-17 09:00:00','2023-06-17 09:00:00'),(195,195,'2nd Issue','2021-03-01 09:00:00',1,'Distributed',NULL,'2023-06-17 09:00:00',NULL,64,'App\\Models\\Staff','2023-06-17 09:00:00','2023-06-17 09:00:00'),(196,196,'2nd Issue','2021-03-01 09:00:00',1,'Distributed',NULL,'2023-06-17 09:00:00',NULL,65,'App\\Models\\Staff','2023-06-17 09:00:00','2023-06-17 09:00:00'),(197,197,'1st Issue','2021-03-01 09:00:00',1,'Distributed',NULL,'2023-06-17 09:00:00',NULL,123,'App\\Models\\Staff','2023-06-17 09:00:00','2023-06-17 09:00:00'),(198,198,'1st Issue','2021-03-01 09:00:00',1,'Distributed',NULL,'2023-06-17 09:00:00',NULL,124,'App\\Models\\Staff','2023-06-17 09:00:00','2023-06-17 09:00:00'),(199,199,'1st Issue','2021-03-01 09:00:00',1,'Distributed',NULL,'2023-06-17 09:00:00',NULL,125,'App\\Models\\Staff','2023-06-17 09:00:00','2023-06-17 09:00:00'),(200,200,'1st Issue','2021-03-01 09:00:00',1,'Distributed',NULL,'2023-06-17 09:00:00',NULL,141,'App\\Models\\Staff','2023-06-17 09:00:00','2023-06-17 09:00:00'),(201,201,'1st Issue','2021-03-01 09:00:00',1,'Distributed',NULL,'2023-06-17 09:00:00',NULL,133,'App\\Models\\Staff','2023-06-17 09:00:00','2023-06-17 09:00:00'),(202,202,'1st Issue','2021-03-01 09:00:00',1,'Distributed',NULL,'2023-06-17 09:00:00',NULL,130,'App\\Models\\Staff','2023-06-17 09:00:00','2023-06-17 09:00:00'),(203,203,'EOL/Due','2022-06-01 09:00:00',1,'Distributed',NULL,'2023-06-17 09:00:00',NULL,297,'App\\Models\\Staff','2023-06-17 09:00:00','2023-06-17 09:00:00'),(204,204,'EOL/Due','2022-06-01 09:00:00',1,'Distributed',NULL,'2023-06-17 09:00:00',NULL,300,'App\\Models\\Staff','2023-06-17 09:00:00','2023-06-17 09:00:00'),(205,205,'EOL/Due','2022-06-01 09:00:00',1,'Distributed',NULL,'2023-06-17 09:00:00',NULL,161,'App\\Models\\Staff','2023-06-17 09:00:00','2023-06-17 09:00:00'),(206,206,'EOL/Due','2022-06-01 09:00:00',1,'Distributed',NULL,'2023-06-17 09:00:00',NULL,47,'App\\Models\\Staff','2023-06-17 09:00:00','2023-06-17 09:00:00'),(207,207,'EOL/Due','2022-06-01 09:00:00',1,'Distributed',NULL,'2023-06-17 09:00:00',NULL,235,'App\\Models\\Staff','2023-06-17 09:00:00','2023-06-17 09:00:00'),(208,208,'EOL/Due','2022-06-01 09:00:00',1,'Distributed',NULL,'2023-06-17 09:00:00',NULL,203,'App\\Models\\Staff','2023-06-17 09:00:00','2023-06-17 09:00:00'),(209,209,'','2022-06-01 09:00:00',1,'Distributed',NULL,'2023-06-17 09:00:00',NULL,166,'App\\Models\\Staff','2023-06-17 09:00:00','2023-06-17 09:00:00'),(210,210,'','2022-06-01 09:00:00',1,'Distributed',NULL,'2023-06-17 09:00:00',NULL,145,'App\\Models\\Staff','2023-06-17 09:00:00','2023-06-17 09:00:00'),(211,211,'','2022-06-01 09:00:00',1,'Distributed',NULL,'2023-06-17 09:00:00',NULL,3,'App\\Models\\Staff','2023-06-17 09:00:00','2023-06-17 09:00:00'),(212,212,'EOL','2022-06-01 09:00:00',1,'Distributed',NULL,'2023-06-17 09:00:00',NULL,88,'App\\Models\\Staff','2023-06-17 09:00:00','2023-06-17 09:00:00'),(213,213,'EOL','2022-06-01 09:00:00',1,'Distributed',NULL,'2023-06-17 09:00:00',NULL,42,'App\\Models\\Staff','2023-06-17 09:00:00','2023-06-17 09:00:00'),(214,214,'1st Issue','2022-06-01 09:00:00',1,'Distributed',NULL,'2023-06-17 09:00:00',NULL,58,'App\\Models\\Staff','2023-06-17 09:00:00','2023-06-17 09:00:00'),(215,215,'Re-issue','2022-06-01 09:00:00',1,'Distributed',NULL,'2023-06-17 09:00:00',NULL,341,'App\\Models\\Staff','2023-06-17 09:00:00','2023-06-17 09:00:00'),(216,216,'1st Issue','2022-06-01 09:00:00',1,'Distributed',NULL,'2023-06-17 09:00:00',NULL,154,'App\\Models\\Staff','2023-06-17 09:00:00','2023-06-17 09:00:00'),(217,217,'2nd Issue','2022-06-01 09:00:00',1,'Distributed',NULL,'2023-06-17 09:00:00',NULL,193,'App\\Models\\Staff','2023-06-17 09:00:00','2023-06-17 09:00:00'),(218,218,'','2022-06-01 09:00:00',1,'Distributed',NULL,'2023-06-17 09:00:00',NULL,324,'App\\Models\\Staff','2023-06-17 09:00:00','2023-06-17 09:00:00'),(219,219,'2nd Issue','2022-06-01 09:00:00',1,'Distributed',NULL,'2023-06-17 09:00:00',NULL,125,'App\\Models\\Staff','2023-06-17 09:00:00','2023-06-17 09:00:00'),(220,220,'3rd Issue','2022-06-01 09:00:00',1,'Distributed',NULL,'2023-06-17 09:00:00',NULL,125,'App\\Models\\Staff','2023-06-17 09:00:00','2023-06-17 09:00:00'),(221,221,'STOLEN','2022-06-01 09:00:00',1,'Distributed',NULL,'2023-06-17 09:00:00',NULL,144,'App\\Models\\Staff','2023-06-17 09:00:00','2023-06-17 09:00:00'),(222,222,'Withdraw old','2022-06-01 09:00:00',1,'Distributed',NULL,'2023-06-17 09:00:00',NULL,52,'App\\Models\\Staff','2023-06-17 09:00:00','2023-06-17 09:00:00'),(223,223,'','2022-06-01 09:00:00',1,'Distributed',NULL,'2023-06-17 09:00:00',NULL,341,'App\\Models\\Staff','2023-06-17 09:00:00','2023-06-17 09:00:00'),(224,224,'Withdraw old','2022-06-01 09:00:00',1,'Distributed',NULL,'2023-06-17 09:00:00',NULL,322,'App\\Models\\Staff','2023-06-17 09:00:00','2023-06-17 09:00:00'),(225,225,'','2022-06-01 09:00:00',1,'Distributed',NULL,'2023-06-17 09:00:00',NULL,330,'App\\Models\\Staff','2023-06-17 09:00:00','2023-06-17 09:00:00'),(226,226,'2nd Issue','2022-09-01 09:00:00',1,'Distributed',NULL,'2023-06-17 09:00:00',NULL,176,'App\\Models\\Staff','2023-06-17 09:00:00','2023-06-17 09:00:00'),(227,227,'2nd Issue','2022-09-01 09:00:00',1,'Distributed',NULL,'2023-06-17 09:00:00',NULL,177,'App\\Models\\Staff','2023-06-17 09:00:00','2023-06-17 09:00:00'),(228,228,'','2022-09-01 09:00:00',1,'Distributed',NULL,'2023-06-17 09:00:00',NULL,19,'App\\Models\\Staff','2023-06-17 09:00:00','2023-06-17 09:00:00'),(229,229,'','2022-09-01 09:00:00',1,'Distributed',NULL,'2023-06-17 09:00:00',NULL,21,'App\\Models\\Staff','2023-06-17 09:00:00','2023-06-17 09:00:00'),(230,230,'','2022-09-01 09:00:00',1,'Distributed',NULL,'2023-06-17 09:00:00',NULL,23,'App\\Models\\Staff','2023-06-17 09:00:00','2023-06-17 09:00:00'),(231,231,'User\'s carelessness','2022-09-01 09:00:00',1,'Distributed',NULL,'2023-06-17 09:00:00',NULL,17,'App\\Models\\Staff','2023-06-17 09:00:00','2023-06-17 09:00:00'),(232,232,'','2022-09-01 09:00:00',1,'Distributed',NULL,'2023-06-17 09:00:00',NULL,16,'App\\Models\\Staff','2023-06-17 09:00:00','2023-06-17 09:00:00'),(233,233,'','2022-09-01 09:00:00',1,'Distributed',NULL,'2023-06-17 09:00:00',NULL,51,'App\\Models\\Staff','2023-06-17 09:00:00','2023-06-17 09:00:00'),(234,234,'','2022-09-01 09:00:00',1,'Distributed',NULL,'2023-06-17 09:00:00',NULL,52,'App\\Models\\Staff','2023-06-17 09:00:00','2023-06-17 09:00:00'),(235,235,'','2022-09-01 09:00:00',1,'Distributed',NULL,'2023-06-17 09:00:00',NULL,61,'App\\Models\\Staff','2023-06-17 09:00:00','2023-06-17 09:00:00'),(236,236,'','2022-09-01 09:00:00',1,'Distributed',NULL,'2023-06-17 09:00:00',NULL,64,'App\\Models\\Staff','2023-06-17 09:00:00','2023-06-17 09:00:00'),(237,237,'','2022-09-01 09:00:00',1,'Distributed',NULL,'2023-06-17 09:00:00',NULL,94,'App\\Models\\Staff','2023-06-17 09:00:00','2023-06-17 09:00:00'),(238,238,'','2022-09-01 09:00:00',1,'Distributed',NULL,'2023-06-17 09:00:00',NULL,93,'App\\Models\\Staff','2023-06-17 09:00:00','2023-06-17 09:00:00'),(239,239,'','2022-09-01 09:00:00',1,'Distributed',NULL,'2023-06-17 09:00:00',NULL,92,'App\\Models\\Staff','2023-06-17 09:00:00','2023-06-17 09:00:00'),(240,240,'','2022-09-01 09:00:00',1,'Distributed',NULL,'2023-06-17 09:00:00',NULL,130,'App\\Models\\Staff','2023-06-17 09:00:00','2023-06-17 09:00:00'),(241,241,'','2022-09-01 09:00:00',1,'Distributed',NULL,'2023-06-17 09:00:00',NULL,135,'App\\Models\\Staff','2023-06-17 09:00:00','2023-06-17 09:00:00'),(242,242,'','2022-09-01 09:00:00',1,'Distributed',NULL,'2023-06-17 09:00:00',NULL,107,'App\\Models\\Staff','2023-06-17 09:00:00','2023-06-17 09:00:00'),(243,243,'','2022-09-01 09:00:00',1,'Distributed',NULL,'2023-06-17 09:00:00',NULL,126,'App\\Models\\Staff','2023-06-17 09:00:00','2023-06-17 09:00:00'),(244,244,'','2022-09-01 09:00:00',1,'Distributed',NULL,'2023-06-17 09:00:00',NULL,153,'App\\Models\\Staff','2023-06-17 09:00:00','2023-06-17 09:00:00'),(245,245,'','2022-09-01 09:00:00',1,'Distributed',NULL,'2023-06-17 09:00:00',NULL,158,'App\\Models\\Staff','2023-06-17 09:00:00','2023-06-17 09:00:00'),(246,246,'','2022-09-01 09:00:00',1,'Distributed',NULL,'2023-06-17 09:00:00',NULL,157,'App\\Models\\Staff','2023-06-17 09:00:00','2023-06-17 09:00:00'),(247,247,'','2022-09-01 09:00:00',1,'Distributed',NULL,'2023-06-17 09:00:00',NULL,160,'App\\Models\\Staff','2023-06-17 09:00:00','2023-06-17 09:00:00'),(248,248,'','2022-09-01 09:00:00',1,'Distributed',NULL,'2023-06-17 09:00:00',NULL,76,'App\\Models\\Staff','2023-06-17 09:00:00','2023-06-17 09:00:00'),(249,249,'','2022-09-01 09:00:00',1,'Distributed',NULL,'2023-06-17 09:00:00',NULL,136,'App\\Models\\Staff','2023-06-17 09:00:00','2023-06-17 09:00:00'),(250,250,'','2022-09-01 09:00:00',1,'Distributed',NULL,'2023-06-17 09:00:00',NULL,226,'App\\Models\\Staff','2023-06-17 09:00:00','2023-06-17 09:00:00'),(251,251,'','2022-09-01 09:00:00',1,'Distributed',NULL,'2023-06-17 09:00:00',NULL,231,'App\\Models\\Staff','2023-06-17 09:00:00','2023-06-17 09:00:00'),(252,252,'','2022-09-01 09:00:00',1,'Distributed',NULL,'2023-06-17 09:00:00',NULL,208,'App\\Models\\Staff','2023-06-17 09:00:00','2023-06-17 09:00:00'),(253,253,'','2022-09-01 09:00:00',1,'Distributed',NULL,'2023-06-17 09:00:00',NULL,211,'App\\Models\\Staff','2023-06-17 09:00:00','2023-06-17 09:00:00'),(254,254,'','2022-09-01 09:00:00',1,'Distributed',NULL,'2023-06-17 09:00:00',NULL,202,'App\\Models\\Staff','2023-06-17 09:00:00','2023-06-17 09:00:00'),(255,255,'','2022-09-01 09:00:00',1,'Distributed',NULL,'2023-06-17 09:00:00',NULL,205,'App\\Models\\Staff','2023-06-17 09:00:00','2023-06-17 09:00:00'),(256,256,'','2022-09-01 09:00:00',1,'Distributed',NULL,'2023-06-17 09:00:00',NULL,239,'App\\Models\\Staff','2023-06-17 09:00:00','2023-06-17 09:00:00'),(257,257,'','2022-09-01 09:00:00',1,'Distributed',NULL,'2023-06-17 09:00:00',NULL,242,'App\\Models\\Staff','2023-06-17 09:00:00','2023-06-17 09:00:00'),(258,258,'','2022-09-01 09:00:00',1,'Distributed',NULL,'2023-06-17 09:00:00',NULL,238,'App\\Models\\Staff','2023-06-17 09:00:00','2023-06-17 09:00:00'),(259,259,'','2022-09-01 09:00:00',1,'Distributed',NULL,'2023-06-17 09:00:00',NULL,72,'App\\Models\\Staff','2023-06-17 09:00:00','2023-06-17 09:00:00'),(260,260,'','2022-09-01 09:00:00',1,'Distributed',NULL,'2023-06-17 09:00:00',NULL,325,'App\\Models\\Staff','2023-06-17 09:00:00','2023-06-17 09:00:00'),(261,261,'','2022-09-01 09:00:00',1,'Distributed',NULL,'2023-06-17 09:00:00',NULL,254,'App\\Models\\Staff','2023-06-17 09:00:00','2023-06-17 09:00:00'),(262,262,'To be replaced in 2019','2022-09-01 09:00:00',1,'Distributed',NULL,'2023-06-17 09:00:00',NULL,270,'App\\Models\\Staff','2023-06-17 09:00:00','2023-06-17 09:00:00'),(263,263,'','2022-09-01 09:00:00',1,'Distributed',NULL,'2023-06-17 09:00:00',NULL,268,'App\\Models\\Staff','2023-06-17 09:00:00','2023-06-17 09:00:00'),(264,264,'To be replaced in 2025','2022-09-01 09:00:00',1,'Distributed',NULL,'2023-06-17 09:00:00',NULL,263,'App\\Models\\Staff','2023-06-17 09:00:00','2023-06-17 09:00:00'),(265,265,'','2022-09-01 09:00:00',1,'Distributed',NULL,'2023-06-17 09:00:00',NULL,295,'App\\Models\\Staff','2023-06-17 09:00:00','2023-06-17 09:00:00'),(266,266,'','2022-09-01 09:00:00',1,'Distributed',NULL,'2023-06-17 09:00:00',NULL,314,'App\\Models\\Staff','2023-06-17 09:00:00','2023-06-17 09:00:00'),(267,267,'','2022-09-01 09:00:00',1,'Distributed',NULL,'2023-06-17 09:00:00',NULL,306,'App\\Models\\Staff','2023-06-17 09:00:00','2023-06-17 09:00:00'),(268,268,'To be replaced in 2025','2022-09-01 09:00:00',1,'Distributed',NULL,'2023-06-17 09:00:00',NULL,308,'App\\Models\\Staff','2023-06-17 09:00:00','2023-06-17 09:00:00'),(269,269,'','2022-09-01 09:00:00',1,'Distributed',NULL,'2023-06-17 09:00:00',NULL,324,'App\\Models\\Staff','2023-06-17 09:00:00','2023-06-17 09:00:00'),(270,270,'','2022-09-01 09:00:00',1,'Distributed',NULL,'2023-06-17 09:00:00',NULL,320,'App\\Models\\Staff','2023-06-17 09:00:00','2023-06-17 09:00:00'),(271,271,'','2022-09-01 09:00:00',1,'Distributed',NULL,'2023-06-17 09:00:00',NULL,337,'App\\Models\\Staff','2023-06-17 09:00:00','2023-06-17 09:00:00'),(272,272,'','2022-09-01 09:00:00',1,'Distributed',NULL,'2023-06-17 09:00:00',NULL,334,'App\\Models\\Staff','2023-06-17 09:00:00','2023-06-17 09:00:00'),(273,273,'Faulty','2022-12-01 09:00:00',1,'Distributed',NULL,'2023-06-17 09:00:00',NULL,174,'App\\Models\\Staff','2023-06-17 09:00:00','2023-06-17 09:00:00'),(274,274,'Faulty/Returned','2022-12-01 09:00:00',1,'Distributed',NULL,'2023-06-17 09:00:00',NULL,20,'App\\Models\\Staff','2023-06-17 09:00:00','2023-06-17 09:00:00'),(275,275,'Faulty','2022-12-01 09:00:00',1,'Distributed',NULL,'2023-06-17 09:00:00',NULL,29,'App\\Models\\Staff','2023-06-17 09:00:00','2023-06-17 09:00:00'),(276,276,'Faulty','2022-12-01 09:00:00',1,'Distributed',NULL,'2023-06-17 09:00:00',NULL,34,'App\\Models\\Staff','2023-06-17 09:00:00','2023-06-17 09:00:00'),(277,277,'Faulty','2022-12-01 09:00:00',1,'Distributed',NULL,'2023-06-17 09:00:00',NULL,31,'App\\Models\\Staff','2023-06-17 09:00:00','2023-06-17 09:00:00'),(278,278,'Faulty','2022-12-01 09:00:00',1,'Distributed',NULL,'2023-06-17 09:00:00',NULL,35,'App\\Models\\Staff','2023-06-17 09:00:00','2023-06-17 09:00:00'),(279,279,'1st Issue','2022-12-01 09:00:00',1,'Distributed',NULL,'2023-06-17 09:00:00',NULL,141,'App\\Models\\Staff','2023-06-17 09:00:00','2023-06-17 09:00:00'),(280,280,'Faulty','2022-12-01 09:00:00',1,'Distributed',NULL,'2023-06-17 09:00:00',NULL,65,'App\\Models\\Staff','2023-06-17 09:00:00','2023-06-17 09:00:00'),(281,281,'Faulty/EOL','2022-12-01 09:00:00',1,'Distributed',NULL,'2023-06-17 09:00:00',NULL,57,'App\\Models\\Staff','2023-06-17 09:00:00','2023-06-17 09:00:00'),(282,282,'Faulty','2022-12-01 09:00:00',1,'Distributed',NULL,'2023-06-17 09:00:00',NULL,116,'App\\Models\\Staff','2023-06-17 09:00:00','2023-06-17 09:00:00'),(283,283,'Faulty/EOL','2022-12-01 09:00:00',1,'Distributed',NULL,'2023-06-17 09:00:00',NULL,73,'App\\Models\\Staff','2023-06-17 09:00:00','2023-06-17 09:00:00'),(284,284,'Faulty/Returned','2022-12-01 09:00:00',1,'Distributed',NULL,'2023-06-17 09:00:00',NULL,96,'App\\Models\\Staff','2023-06-17 09:00:00','2023-06-17 09:00:00'),(285,285,'Faulty','2022-12-01 09:00:00',1,'Distributed',NULL,'2023-06-17 09:00:00',NULL,164,'App\\Models\\Staff','2023-06-17 09:00:00','2023-06-17 09:00:00'),(286,286,'Faulty','2022-12-01 09:00:00',1,'Distributed',NULL,'2023-06-17 09:00:00',NULL,165,'App\\Models\\Staff','2023-06-17 09:00:00','2023-06-17 09:00:00'),(287,287,'Faulty','2022-12-01 09:00:00',1,'Distributed',NULL,'2023-06-17 09:00:00',NULL,152,'App\\Models\\Staff','2023-06-17 09:00:00','2023-06-17 09:00:00'),(288,288,'Faulty','2022-12-01 09:00:00',1,'Distributed',NULL,'2023-06-17 09:00:00',NULL,186,'App\\Models\\Staff','2023-06-17 09:00:00','2023-06-17 09:00:00'),(289,289,'Faulty','2022-12-01 09:00:00',1,'Distributed',NULL,'2023-06-17 09:00:00',NULL,189,'App\\Models\\Staff','2023-06-17 09:00:00','2023-06-17 09:00:00'),(290,290,'EOL','2022-12-01 09:00:00',1,'Distributed',NULL,'2023-06-17 09:00:00',NULL,74,'App\\Models\\Staff','2023-06-17 09:00:00','2023-06-17 09:00:00'),(291,291,'Faulty/Returned','2022-12-01 09:00:00',1,'Distributed',NULL,'2023-06-17 09:00:00',NULL,217,'App\\Models\\Staff','2023-06-17 09:00:00','2023-06-17 09:00:00'),(292,292,'Faulty/Returned','2022-12-01 09:00:00',1,'Distributed',NULL,'2023-06-17 09:00:00',NULL,207,'App\\Models\\Staff','2023-06-17 09:00:00','2023-06-17 09:00:00'),(293,293,'Faulty','2022-12-01 09:00:00',1,'Distributed',NULL,'2023-06-17 09:00:00',NULL,222,'App\\Models\\Staff','2023-06-17 09:00:00','2023-06-17 09:00:00'),(294,294,'Faulty/Returned','2022-12-01 09:00:00',1,'Distributed',NULL,'2023-06-17 09:00:00',NULL,209,'App\\Models\\Staff','2023-06-17 09:00:00','2023-06-17 09:00:00'),(295,295,'Faulty','2022-12-01 09:00:00',1,'Distributed',NULL,'2023-06-17 09:00:00',NULL,280,'App\\Models\\Staff','2023-06-17 09:00:00','2023-06-17 09:00:00'),(296,296,'Faulty','2022-12-01 09:00:00',1,'Distributed',NULL,'2023-06-17 09:00:00',NULL,252,'App\\Models\\Staff','2023-06-17 09:00:00','2023-06-17 09:00:00'),(297,297,'Faulty','2022-12-01 09:00:00',1,'Distributed',NULL,'2023-06-17 09:00:00',NULL,256,'App\\Models\\Staff','2023-06-17 09:00:00','2023-06-17 09:00:00'),(298,298,'EOL','2022-12-01 09:00:00',1,'Distributed',NULL,'2023-06-17 09:00:00',NULL,107,'App\\Models\\Staff','2023-06-17 09:00:00','2023-06-17 09:00:00'),(299,299,'EOL','2022-12-01 09:00:00',1,'Distributed',NULL,'2023-06-17 09:00:00',NULL,305,'App\\Models\\Staff','2023-06-17 09:00:00','2023-06-17 09:00:00'),(300,300,'EOL','2022-12-01 09:00:00',1,'Distributed',NULL,'2023-06-17 09:00:00',NULL,302,'App\\Models\\Staff','2023-06-17 09:00:00','2023-06-17 09:00:00'),(301,301,'EOL','2022-12-01 09:00:00',1,'Distributed',NULL,'2023-06-17 09:00:00',NULL,326,'App\\Models\\Staff','2023-06-17 09:00:00','2023-06-17 09:00:00'),(302,302,'EOL','2022-12-01 09:00:00',1,'Distributed',NULL,'2023-06-17 09:00:00',NULL,43,'App\\Models\\Staff','2023-06-17 09:00:00','2023-06-17 09:00:00'),(303,303,'Faulty','2022-12-01 09:00:00',1,'Distributed',NULL,'2023-06-17 09:00:00',NULL,128,'App\\Models\\Staff','2023-06-17 09:00:00','2023-06-17 09:00:00'),(304,304,'EOL','2022-12-01 09:00:00',1,'Distributed',NULL,'2023-06-17 09:00:00',NULL,232,'App\\Models\\Staff','2023-06-17 09:00:00','2023-06-17 09:00:00'),(305,305,'EOL','2022-12-01 09:00:00',1,'Distributed',NULL,'2023-06-17 09:00:00',NULL,109,'App\\Models\\Staff','2023-06-17 09:00:00','2023-06-17 09:00:00'),(306,306,'To be replaced in 2027','2023-03-01 09:00:00',1,'Distributed',NULL,'2023-06-17 09:00:00',NULL,22,'App\\Models\\Staff','2023-06-17 09:00:00','2023-06-17 09:00:00'),(307,307,'To be replaced in 2027','2023-03-01 09:00:00',1,'Distributed',NULL,'2023-06-17 09:00:00',NULL,108,'App\\Models\\Staff','2023-06-17 09:00:00','2023-06-17 09:00:00'),(308,308,'To be replaced in 2027','2023-03-01 09:00:00',1,'Distributed',NULL,'2023-06-17 09:00:00',NULL,315,'App\\Models\\Staff','2023-06-17 09:00:00','2023-06-17 09:00:00'),(309,309,'To be replaced in 2027','2023-03-01 09:00:00',1,'Distributed',NULL,'2023-06-17 09:00:00',NULL,316,'App\\Models\\Staff','2023-06-17 09:00:00','2023-06-17 09:00:00'),(310,310,'To be replaced in 2027','2023-03-01 09:00:00',1,'Distributed',NULL,'2023-06-17 09:00:00',NULL,345,'App\\Models\\Staff','2023-06-17 09:00:00','2023-06-17 09:00:00'),(311,311,'To be replaced in 2027','2023-03-01 09:00:00',1,'Distributed',NULL,'2023-06-17 09:00:00',NULL,223,'App\\Models\\Staff','2023-06-17 09:00:00','2023-06-17 09:00:00'),(312,312,'To be replaced in 2027','2023-03-01 09:00:00',1,'Distributed',NULL,'2023-06-17 09:00:00',NULL,224,'App\\Models\\Staff','2023-06-17 09:00:00','2023-06-17 09:00:00'),(313,313,'To be replaced in 2027','2023-03-01 09:00:00',1,'Distributed',NULL,'2023-06-17 09:00:00',NULL,233,'App\\Models\\Staff','2023-06-17 09:00:00','2023-06-17 09:00:00'),(314,314,'1st Issue','2023-03-01 09:00:00',1,'Distributed',NULL,'2023-06-17 09:00:00',NULL,204,'App\\Models\\Staff','2023-06-17 09:00:00','2023-06-17 09:00:00'),(315,315,'1st Issue','2023-03-01 09:00:00',1,'Distributed',NULL,'2023-06-17 09:00:00',NULL,120,'App\\Models\\Staff','2023-06-17 09:00:00','2023-06-17 09:00:00'),(316,316,'HP ProBook 440 ','2023-03-01 09:00:00',1,'Distributed',NULL,'2023-06-17 09:00:00',NULL,347,'App\\Models\\Staff','2023-06-17 09:00:00','2023-06-17 09:00:00'),(317,317,'HP ProBook 440 ','2023-03-01 09:00:00',1,'Distributed',NULL,'2023-06-17 09:00:00',NULL,46,'App\\Models\\Staff','2023-06-17 09:00:00','2023-06-17 09:00:00'),(318,318,'To be replaced in 2027','2023-03-01 09:00:00',1,'Distributed',NULL,'2023-06-17 09:00:00',NULL,110,'App\\Models\\Staff','2023-06-17 09:00:00','2023-06-17 09:00:00'),(319,319,'To be replaced in 2027','2023-03-01 09:00:00',1,'Distributed',NULL,'2023-06-17 09:00:00',NULL,154,'App\\Models\\Staff','2023-06-17 09:00:00','2023-06-17 09:00:00'),(320,320,'','2023-03-01 09:00:00',1,'Distributed',NULL,'2023-06-17 09:00:00',NULL,45,'App\\Models\\Staff','2023-06-17 09:00:00','2023-06-17 09:00:00'),(321,321,'','2023-03-01 09:00:00',1,'Distributed',NULL,'2023-06-17 09:00:00',NULL,57,'App\\Models\\Staff','2023-06-17 09:00:00','2023-06-17 09:00:00'),(322,322,'','2023-03-01 09:00:00',1,'Distributed',NULL,'2023-06-17 09:00:00',NULL,162,'App\\Models\\Staff','2023-06-17 09:00:00','2023-06-17 09:00:00'),(323,323,'','2023-03-01 09:00:00',1,'Distributed',NULL,'2023-06-17 09:00:00',NULL,95,'App\\Models\\Staff','2023-06-17 09:00:00','2023-06-17 09:00:00'),(324,324,'To be replaced in 2027','2023-03-01 09:00:00',1,'Distributed',NULL,'2023-06-17 09:00:00',NULL,338,'App\\Models\\Staff','2023-06-17 09:00:00','2023-06-17 09:00:00'),(325,325,'3rd Issue','2023-03-01 09:00:00',1,'Distributed',NULL,'2023-06-17 09:00:00',NULL,116,'App\\Models\\Staff','2023-06-17 09:00:00','2023-06-17 09:00:00'),(326,326,'1st Issue','2023-02-01 09:00:00',1,'Distributed',NULL,'2023-06-17 09:00:00',NULL,49,'App\\Models\\Staff','2023-06-17 09:00:00','2023-06-17 09:00:00'),(327,327,'1st Issue','2023-02-01 09:00:00',1,'Distributed',NULL,'2023-06-17 09:00:00',NULL,50,'App\\Models\\Staff','2023-06-17 09:00:00','2023-06-17 09:00:00'),(328,328,'1st Issue','2023-02-01 09:00:00',1,'Distributed',NULL,'2023-06-17 09:00:00',NULL,85,'App\\Models\\Staff','2023-06-17 09:00:00','2023-06-17 09:00:00'),(329,329,'1st Issue','2023-02-01 09:00:00',1,'Distributed',NULL,'2023-06-17 09:00:00',NULL,82,'App\\Models\\Staff','2023-06-17 09:00:00','2023-06-17 09:00:00'),(330,330,'1st Issue','2023-02-01 09:00:00',1,'Distributed',NULL,'2023-06-17 09:00:00',NULL,83,'App\\Models\\Staff','2023-06-17 09:00:00','2023-06-17 09:00:00'),(331,331,'1st Issue','2023-02-01 09:00:00',1,'Distributed',NULL,'2023-06-17 09:00:00',NULL,80,'App\\Models\\Staff','2023-06-17 09:00:00','2023-06-17 09:00:00'),(332,332,'1st Issue','2023-02-01 09:00:00',1,'Distributed',NULL,'2023-06-17 09:00:00',NULL,81,'App\\Models\\Staff','2023-06-17 09:00:00','2023-06-17 09:00:00'),(333,333,'1st Issue','2023-02-01 09:00:00',1,'Distributed',NULL,'2023-06-17 09:00:00',NULL,84,'App\\Models\\Staff','2023-06-17 09:00:00','2023-06-17 09:00:00'),(334,334,'1st Issue','2023-02-01 09:00:00',1,'Distributed',NULL,'2023-06-17 09:00:00',NULL,151,'App\\Models\\Staff','2023-06-17 09:00:00','2023-06-17 09:00:00'),(335,335,'1st Issue','2023-02-01 09:00:00',1,'Distributed',NULL,'2023-06-17 09:00:00',NULL,180,'App\\Models\\Staff','2023-06-17 09:00:00','2023-06-17 09:00:00'),(336,336,'1st Issue','2023-02-01 09:00:00',1,'Distributed',NULL,'2023-06-17 09:00:00',NULL,182,'App\\Models\\Staff','2023-06-17 09:00:00','2023-06-17 09:00:00'),(337,337,'1st Issue','2023-02-01 09:00:00',1,'Distributed',NULL,'2023-06-17 09:00:00',NULL,1,'App\\Models\\Staff','2023-06-17 09:00:00','2023-06-17 09:00:00'),(338,338,'1st Issue','2023-02-01 09:00:00',1,'Distributed',NULL,'2023-06-17 09:00:00',NULL,179,'App\\Models\\Staff','2023-06-17 09:00:00','2023-06-17 09:00:00'),(339,339,'1st Issue','2023-02-01 09:00:00',1,'Distributed',NULL,'2023-06-17 09:00:00',NULL,2,'App\\Models\\Staff','2023-06-17 09:00:00','2023-06-17 09:00:00'),(340,340,'1st Issue','2023-02-01 09:00:00',1,'Distributed',NULL,'2023-06-17 09:00:00',NULL,184,'App\\Models\\Staff','2023-06-17 09:00:00','2023-06-17 09:00:00'),(341,341,'1st Issue','2023-02-01 09:00:00',1,'Distributed',NULL,'2023-06-17 09:00:00',NULL,181,'App\\Models\\Staff','2023-06-17 09:00:00','2023-06-17 09:00:00'),(342,342,'1st Issue','2023-02-01 09:00:00',1,'Distributed',NULL,'2023-06-17 09:00:00',NULL,183,'App\\Models\\Staff','2023-06-17 09:00:00','2023-06-17 09:00:00'),(343,343,'1st Issue','2023-02-01 09:00:00',1,'Distributed',NULL,'2023-06-17 09:00:00',NULL,169,'App\\Models\\Staff','2023-06-17 09:00:00','2023-06-17 09:00:00'),(344,344,'1st Issue','2023-02-01 09:00:00',1,'Distributed',NULL,'2023-06-17 09:00:00',NULL,172,'App\\Models\\Staff','2023-06-17 09:00:00','2023-06-17 09:00:00'),(345,345,'1st Issue','2023-02-01 09:00:00',1,'Distributed',NULL,'2023-06-17 09:00:00',NULL,168,'App\\Models\\Staff','2023-06-17 09:00:00','2023-06-17 09:00:00'),(346,346,'1st Issue','2023-02-01 09:00:00',1,'Distributed',NULL,'2023-06-17 09:00:00',NULL,170,'App\\Models\\Staff','2023-06-17 09:00:00','2023-06-17 09:00:00'),(347,347,'1st Issue','2023-02-01 09:00:00',1,'Distributed',NULL,'2023-06-17 09:00:00',NULL,171,'App\\Models\\Staff','2023-06-17 09:00:00','2023-06-17 09:00:00'),(348,348,'1st Issue','2023-02-01 09:00:00',1,'Distributed',NULL,'2023-06-17 09:00:00',NULL,236,'App\\Models\\Staff','2023-06-17 09:00:00','2023-06-17 09:00:00'),(349,349,'1st Issue','2023-02-01 09:00:00',1,'Distributed',NULL,'2023-06-17 09:00:00',NULL,237,'App\\Models\\Staff','2023-06-17 09:00:00','2023-06-17 09:00:00'),(350,350,'1st Issue','2023-02-01 09:00:00',1,'Distributed',NULL,'2023-06-17 09:00:00',NULL,273,'App\\Models\\Staff','2023-06-17 09:00:00','2023-06-17 09:00:00'),(351,351,'1st Issue','2023-02-01 09:00:00',1,'Distributed',NULL,'2023-06-17 09:00:00',NULL,271,'App\\Models\\Staff','2023-06-17 09:00:00','2023-06-17 09:00:00'),(352,352,'1st Issue','2023-02-01 09:00:00',1,'Distributed',NULL,'2023-06-17 09:00:00',NULL,272,'App\\Models\\Staff','2023-06-17 09:00:00','2023-06-17 09:00:00'),(353,353,'1st Issue','2023-02-01 09:00:00',1,'Distributed',NULL,'2023-06-17 09:00:00',NULL,274,'App\\Models\\Staff','2023-06-17 09:00:00','2023-06-17 09:00:00'),(354,354,'1st Issue','2023-02-01 09:00:00',1,'Distributed',NULL,'2023-06-17 09:00:00',NULL,286,'App\\Models\\Staff','2023-06-17 09:00:00','2023-06-17 09:00:00'),(355,355,'1st Issue','2023-02-01 09:00:00',1,'Distributed',NULL,'2023-06-17 09:00:00',NULL,289,'App\\Models\\Staff','2023-06-17 09:00:00','2023-06-17 09:00:00'),(356,356,'1st Issue','2023-02-01 09:00:00',1,'Distributed',NULL,'2023-06-17 09:00:00',NULL,291,'App\\Models\\Staff','2023-06-17 09:00:00','2023-06-17 09:00:00'),(357,357,'1st Issue','2023-02-01 09:00:00',1,'Distributed',NULL,'2023-06-17 09:00:00',NULL,282,'App\\Models\\Staff','2023-06-17 09:00:00','2023-06-17 09:00:00'),(358,358,'1st Issue','2023-02-01 09:00:00',1,'Distributed',NULL,'2023-06-17 09:00:00',NULL,288,'App\\Models\\Staff','2023-06-17 09:00:00','2023-06-17 09:00:00'),(359,359,'1st Issue','2023-02-01 09:00:00',1,'Distributed',NULL,'2023-06-17 09:00:00',NULL,283,'App\\Models\\Staff','2023-06-17 09:00:00','2023-06-17 09:00:00'),(360,360,'1st Issue','2023-02-01 09:00:00',1,'Distributed',NULL,'2023-06-17 09:00:00',NULL,285,'App\\Models\\Staff','2023-06-17 09:00:00','2023-06-17 09:00:00'),(361,361,'1st Issue','2023-02-01 09:00:00',1,'Distributed',NULL,'2023-06-17 09:00:00',NULL,290,'App\\Models\\Staff','2023-06-17 09:00:00','2023-06-17 09:00:00'),(362,362,'1st Issue','2023-02-01 09:00:00',1,'Distributed',NULL,'2023-06-17 09:00:00',NULL,281,'App\\Models\\Staff','2023-06-17 09:00:00','2023-06-17 09:00:00'),(363,363,'1st Issue','2023-02-01 09:00:00',1,'Distributed',NULL,'2023-06-17 09:00:00',NULL,284,'App\\Models\\Staff','2023-06-17 09:00:00','2023-06-17 09:00:00'),(364,364,'1st Issue','2023-02-01 09:00:00',1,'Distributed',NULL,'2023-06-17 09:00:00',NULL,287,'App\\Models\\Staff','2023-06-17 09:00:00','2023-06-17 09:00:00'),(365,365,'1st Issue','2023-02-01 09:00:00',1,'Distributed',NULL,'2023-06-17 09:00:00',NULL,12,'App\\Models\\Staff','2023-06-17 09:00:00','2023-06-17 09:00:00'),(366,366,'1st Issue','2023-02-01 09:00:00',1,'Distributed',NULL,'2023-06-17 09:00:00',NULL,11,'App\\Models\\Staff','2023-06-17 09:00:00','2023-06-17 09:00:00'),(367,367,'1st Issue','2023-02-01 09:00:00',1,'Distributed',NULL,'2023-06-17 09:00:00',NULL,6,'App\\Models\\Staff','2023-06-17 09:00:00','2023-06-17 09:00:00'),(368,368,'1st Issue','2023-02-01 09:00:00',1,'Distributed',NULL,'2023-06-17 09:00:00',NULL,8,'App\\Models\\Staff','2023-06-17 09:00:00','2023-06-17 09:00:00'),(369,369,'1st Issue','2023-02-01 09:00:00',1,'Distributed',NULL,'2023-06-17 09:00:00',NULL,5,'App\\Models\\Staff','2023-06-17 09:00:00','2023-06-17 09:00:00'),(370,370,'1st Issue','2023-02-01 09:00:00',1,'Distributed',NULL,'2023-06-17 09:00:00',NULL,10,'App\\Models\\Staff','2023-06-17 09:00:00','2023-06-17 09:00:00'),(371,371,'1st Issue','2023-02-01 09:00:00',1,'Distributed',NULL,'2023-06-17 09:00:00',NULL,4,'App\\Models\\Staff','2023-06-17 09:00:00','2023-06-17 09:00:00'),(372,372,'1st Issue','2023-02-01 09:00:00',1,'Distributed',NULL,'2023-06-17 09:00:00',NULL,7,'App\\Models\\Staff','2023-06-17 09:00:00','2023-06-17 09:00:00'),(373,373,'1st Issue','2023-03-01 09:00:00',1,'Distributed',NULL,'2023-06-17 09:00:00',NULL,9,'App\\Models\\Staff','2023-06-17 09:00:00','2023-06-17 09:00:00'),(374,374,'1st Issue','2023-03-01 09:00:00',1,'Distributed',NULL,'2023-06-17 09:00:00',NULL,40,'App\\Models\\Staff','2023-06-17 09:00:00','2023-06-17 09:00:00'),(375,375,'1st Issue','2023-03-01 09:00:00',1,'Distributed',NULL,'2023-06-17 09:00:00',NULL,41,'App\\Models\\Staff','2023-06-17 09:00:00','2023-06-17 09:00:00'),(376,376,'1st Issue','2023-03-01 09:00:00',1,'Distributed',NULL,'2023-06-17 09:00:00',NULL,53,'App\\Models\\Staff','2023-06-17 09:00:00','2023-06-17 09:00:00'),(377,377,'1st Issue','2023-03-01 09:00:00',1,'Distributed',NULL,'2023-06-17 09:00:00',NULL,54,'App\\Models\\Staff','2023-06-17 09:00:00','2023-06-17 09:00:00'),(378,378,'1st Issue','2023-03-01 09:00:00',1,'Distributed',NULL,'2023-06-17 09:00:00',NULL,55,'App\\Models\\Staff','2023-06-17 09:00:00','2023-06-17 09:00:00'),(379,379,'1st Issue','2023-03-01 09:00:00',1,'Distributed',NULL,'2023-06-17 09:00:00',NULL,56,'App\\Models\\Staff','2023-06-17 09:00:00','2023-06-17 09:00:00'),(380,380,'1st Issue','2023-03-01 09:00:00',1,'Distributed',NULL,'2023-06-17 09:00:00',NULL,67,'App\\Models\\Staff','2023-06-17 09:00:00','2023-06-17 09:00:00'),(381,381,'1st Issue','2023-03-01 09:00:00',1,'Distributed',NULL,'2023-06-17 09:00:00',NULL,98,'App\\Models\\Staff','2023-06-17 09:00:00','2023-06-17 09:00:00'),(382,382,'1st Issue','2023-03-01 09:00:00',1,'Distributed',NULL,'2023-06-17 09:00:00',NULL,99,'App\\Models\\Staff','2023-06-17 09:00:00','2023-06-17 09:00:00'),(383,383,'1st Issue','2023-03-01 09:00:00',1,'Distributed',NULL,'2023-06-17 09:00:00',NULL,100,'App\\Models\\Staff','2023-06-17 09:00:00','2023-06-17 09:00:00'),(384,384,'1st Issue','2023-03-01 09:00:00',1,'Distributed',NULL,'2023-06-17 09:00:00',NULL,101,'App\\Models\\Staff','2023-06-17 09:00:00','2023-06-17 09:00:00'),(385,385,'1st Issue','2023-03-01 09:00:00',1,'Distributed',NULL,'2023-06-17 09:00:00',NULL,102,'App\\Models\\Staff','2023-06-17 09:00:00','2023-06-17 09:00:00'),(386,386,'1st Issue','2023-03-01 09:00:00',1,'Distributed',NULL,'2023-06-17 09:00:00',NULL,103,'App\\Models\\Staff','2023-06-17 09:00:00','2023-06-17 09:00:00'),(387,387,'1st Issue','2023-03-01 09:00:00',1,'Distributed',NULL,'2023-06-17 09:00:00',NULL,104,'App\\Models\\Staff','2023-06-17 09:00:00','2023-06-17 09:00:00'),(388,388,'1st Issue','2023-03-01 09:00:00',1,'Distributed',NULL,'2023-06-17 09:00:00',NULL,137,'App\\Models\\Staff','2023-06-17 09:00:00','2023-06-17 09:00:00'),(389,389,'1st Issue','2023-03-01 09:00:00',1,'Distributed',NULL,'2023-06-17 09:00:00',NULL,138,'App\\Models\\Staff','2023-06-17 09:00:00','2023-06-17 09:00:00'),(390,390,'1st Issue','2023-03-01 09:00:00',1,'Distributed',NULL,'2023-06-17 09:00:00',NULL,139,'App\\Models\\Staff','2023-06-17 09:00:00','2023-06-17 09:00:00'),(391,391,'1st Issue','2023-03-01 09:00:00',1,'Distributed',NULL,'2023-06-17 09:00:00',NULL,140,'App\\Models\\Staff','2023-06-17 09:00:00','2023-06-17 09:00:00'),(392,392,'1st Issue','2023-03-01 09:00:00',1,'Distributed',NULL,'2023-06-17 09:00:00',NULL,142,'App\\Models\\Staff','2023-06-17 09:00:00','2023-06-17 09:00:00'),(393,393,'1st Issue','2023-03-01 09:00:00',1,'Distributed',NULL,'2023-06-17 09:00:00',NULL,143,'App\\Models\\Staff','2023-06-17 09:00:00','2023-06-17 09:00:00'),(394,394,'1st Issue','2023-03-01 09:00:00',1,'Distributed',NULL,'2023-06-17 09:00:00',NULL,146,'App\\Models\\Staff','2023-06-17 09:00:00','2023-06-17 09:00:00'),(395,395,'1st Issue','2023-03-01 09:00:00',1,'Distributed',NULL,'2023-06-17 09:00:00',NULL,147,'App\\Models\\Staff','2023-06-17 09:00:00','2023-06-17 09:00:00'),(396,396,'1st Issue','2023-03-01 09:00:00',1,'Distributed',NULL,'2023-06-17 09:00:00',NULL,148,'App\\Models\\Staff','2023-06-17 09:00:00','2023-06-17 09:00:00'),(397,397,'1st Issue','2023-03-01 09:00:00',1,'Distributed',NULL,'2023-06-17 09:00:00',NULL,149,'App\\Models\\Staff','2023-06-17 09:00:00','2023-06-17 09:00:00'),(398,398,'1st Issue','2023-03-01 09:00:00',1,'Distributed',NULL,'2023-06-17 09:00:00',NULL,150,'App\\Models\\Staff','2023-06-17 09:00:00','2023-06-17 09:00:00'),(399,399,'1st Issue','2023-03-01 09:00:00',1,'Distributed',NULL,'2023-06-17 09:00:00',NULL,194,'App\\Models\\Staff','2023-06-17 09:00:00','2023-06-17 09:00:00'),(400,400,'1st Issue','2023-03-01 09:00:00',1,'Distributed',NULL,'2023-06-17 09:00:00',NULL,195,'App\\Models\\Staff','2023-06-17 09:00:00','2023-06-17 09:00:00'),(401,401,'1st Issue','2023-03-01 09:00:00',1,'Distributed',NULL,'2023-06-17 09:00:00',NULL,196,'App\\Models\\Staff','2023-06-17 09:00:00','2023-06-17 09:00:00'),(402,402,'1st Issue','2023-03-01 09:00:00',1,'Distributed',NULL,'2023-06-17 09:00:00',NULL,197,'App\\Models\\Staff','2023-06-17 09:00:00','2023-06-17 09:00:00'),(403,403,'1st Issue','2023-03-01 09:00:00',1,'Distributed',NULL,'2023-06-17 09:00:00',NULL,198,'App\\Models\\Staff','2023-06-17 09:00:00','2023-06-17 09:00:00'),(404,404,'1st Issue','2023-03-01 09:00:00',1,'Distributed',NULL,'2023-06-17 09:00:00',NULL,199,'App\\Models\\Staff','2023-06-17 09:00:00','2023-06-17 09:00:00'),(405,405,'1st Issue','2023-03-01 09:00:00',1,'Distributed',NULL,'2023-06-17 09:00:00',NULL,200,'App\\Models\\Staff','2023-06-17 09:00:00','2023-06-17 09:00:00'),(406,406,'1st Issue','2023-03-01 09:00:00',1,'Distributed',NULL,'2023-06-17 09:00:00',NULL,201,'App\\Models\\Staff','2023-06-17 09:00:00','2023-06-17 09:00:00'),(407,407,'1st Issue','2023-03-01 09:00:00',1,'Distributed',NULL,'2023-06-17 09:00:00',NULL,243,'App\\Models\\Staff','2023-06-17 09:00:00','2023-06-17 09:00:00'),(408,408,'1st Issue','2023-03-01 09:00:00',1,'Distributed',NULL,'2023-06-17 09:00:00',NULL,244,'App\\Models\\Staff','2023-06-17 09:00:00','2023-06-17 09:00:00'),(409,409,'1st Issue','2023-03-01 09:00:00',1,'Distributed',NULL,'2023-06-17 09:00:00',NULL,245,'App\\Models\\Staff','2023-06-17 09:00:00','2023-06-17 09:00:00'),(410,410,'1st Issue','2023-03-01 09:00:00',1,'Distributed',NULL,'2023-06-17 09:00:00',NULL,246,'App\\Models\\Staff','2023-06-17 09:00:00','2023-06-17 09:00:00'),(411,411,'1st Issue','2023-03-01 09:00:00',1,'Distributed',NULL,'2023-06-17 09:00:00',NULL,247,'App\\Models\\Staff','2023-06-17 09:00:00','2023-06-17 09:00:00'),(412,412,'1st Issue','2023-03-01 09:00:00',1,'Distributed',NULL,'2023-06-17 09:00:00',NULL,248,'App\\Models\\Staff','2023-06-17 09:00:00','2023-06-17 09:00:00'),(413,413,'1st Issue','2023-03-01 09:00:00',1,'Distributed',NULL,'2023-06-17 09:00:00',NULL,249,'App\\Models\\Staff','2023-06-17 09:00:00','2023-06-17 09:00:00'),(414,414,'1st Issue','2023-03-01 09:00:00',1,'Distributed',NULL,'2023-06-17 09:00:00',NULL,250,'App\\Models\\Staff','2023-06-17 09:00:00','2023-06-17 09:00:00'),(415,415,'1st Issue','2023-03-01 09:00:00',1,'Distributed',NULL,'2023-06-17 09:00:00',NULL,317,'App\\Models\\Staff','2023-06-17 09:00:00','2023-06-17 09:00:00'),(416,416,'1st Issue','2023-03-01 09:00:00',1,'Distributed',NULL,'2023-06-17 09:00:00',NULL,318,'App\\Models\\Staff','2023-06-17 09:00:00','2023-06-17 09:00:00'),(417,417,'1st Issue','2023-03-01 09:00:00',1,'Distributed',NULL,'2023-06-17 09:00:00',NULL,319,'App\\Models\\Staff','2023-06-17 09:00:00','2023-06-17 09:00:00'),(418,418,'1st Issue','2023-03-01 09:00:00',1,'Distributed',NULL,'2023-06-17 09:00:00',NULL,327,'App\\Models\\Staff','2023-06-17 09:00:00','2023-06-17 09:00:00'),(419,419,'1st Issue','2023-03-01 09:00:00',1,'Distributed',NULL,'2023-06-17 09:00:00',NULL,39,'App\\Models\\Staff','2023-06-17 09:00:00','2023-06-17 09:00:00');
/*!40000 ALTER TABLE `item_distributions` ENABLE KEYS */;
UNLOCK TABLES;

--
-- Table structure for table `item_requests`
--

DROP TABLE IF EXISTS `item_requests`;
/*!40101 SET @saved_cs_client     = @@character_set_client */;
/*!50503 SET character_set_client = utf8mb4 */;
CREATE TABLE `item_requests` (
  `id` bigint unsigned NOT NULL AUTO_INCREMENT,
  `staff_id` bigint unsigned NOT NULL,
  `item_id` bigint unsigned NOT NULL,
  `quantity` bigint NOT NULL,
  `description` longtext COLLATE utf8mb4_unicode_ci,
  `time` timestamp NOT NULL DEFAULT CURRENT_TIMESTAMP,
  `status` varchar(255) COLLATE utf8mb4_unicode_ci NOT NULL DEFAULT 'Pending',
  `alter_staff_id` bigint unsigned DEFAULT NULL,
  `valid_from` timestamp NOT NULL DEFAULT CURRENT_TIMESTAMP,
  `valid_until` timestamp NULL DEFAULT NULL,
  `created_at` timestamp NULL DEFAULT NULL,
  `updated_at` timestamp NULL DEFAULT NULL,
  PRIMARY KEY (`id`),
  KEY `item_requests_staff_id_foreign` (`staff_id`),
  KEY `item_requests_item_id_foreign` (`item_id`),
  KEY `item_requests_alter_staff_id_foreign` (`alter_staff_id`),
  CONSTRAINT `item_requests_alter_staff_id_foreign` FOREIGN KEY (`alter_staff_id`) REFERENCES `staff` (`id`),
  CONSTRAINT `item_requests_item_id_foreign` FOREIGN KEY (`item_id`) REFERENCES `items` (`id`),
  CONSTRAINT `item_requests_staff_id_foreign` FOREIGN KEY (`staff_id`) REFERENCES `staff` (`id`)
) ENGINE=InnoDB DEFAULT CHARSET=utf8mb4 COLLATE=utf8mb4_unicode_ci;
/*!40101 SET character_set_client = @saved_cs_client */;

--
-- Dumping data for table `item_requests`
--

LOCK TABLES `item_requests` WRITE;
/*!40000 ALTER TABLE `item_requests` DISABLE KEYS */;
/*!40000 ALTER TABLE `item_requests` ENABLE KEYS */;
UNLOCK TABLES;

--
-- Table structure for table `items`
--

DROP TABLE IF EXISTS `items`;
/*!40101 SET @saved_cs_client     = @@character_set_client */;
/*!50503 SET character_set_client = utf8mb4 */;
CREATE TABLE `items` (
  `id` bigint unsigned NOT NULL AUTO_INCREMENT,
  `name` varchar(255) COLLATE utf8mb4_unicode_ci NOT NULL,
  `model` varchar(255) COLLATE utf8mb4_unicode_ci NOT NULL,
  `category` varchar(255) COLLATE utf8mb4_unicode_ci NOT NULL,
  `created_at` timestamp NULL DEFAULT NULL,
  `updated_at` timestamp NULL DEFAULT NULL,
  PRIMARY KEY (`id`)
) ENGINE=InnoDB AUTO_INCREMENT=19 DEFAULT CHARSET=utf8mb4 COLLATE=utf8mb4_unicode_ci;
/*!40101 SET character_set_client = @saved_cs_client */;

--
-- Dumping data for table `items`
--

LOCK TABLES `items` WRITE;
/*!40000 ALTER TABLE `items` DISABLE KEYS */;
INSERT INTO `items` VALUES (1,'LAPTOP','HP DragonFly','Worktool','2023-06-17 09:00:00','2023-06-17 09:00:00'),(2,'LAPTOP','HP Elite DragonFly','Worktool','2023-06-17 09:00:00','2023-06-17 09:00:00'),(3,'LAPTOP','HP EliteBook 830 G6','Worktool','2023-06-17 09:00:00','2023-06-17 09:00:00'),(4,'LAPTOP','HP EliteBook G6','Worktool','2023-06-17 09:00:00','2023-06-17 09:00:00'),(5,'LAPTOP','HP EliteBook G8','Worktool','2023-06-17 09:00:00','2023-06-17 09:00:00'),(6,'LAPTOP','HP EliteBook x360 1040 G6','Worktool','2023-06-17 09:00:00','2023-06-17 09:00:00'),(7,'LAPTOP','HP EliteBook x360 G6','Worktool','2023-06-17 09:00:00','2023-06-17 09:00:00'),(8,'LAPTOP','HP EliteBook x360 G8','Worktool','2023-06-17 09:00:00','2023-06-17 09:00:00'),(9,'LAPTOP','HP Envy','Worktool','2023-06-17 09:00:00','2023-06-17 09:00:00'),(10,'LAPTOP','HP Envy x360','Worktool','2023-06-17 09:00:00','2023-06-17 09:00:00'),(11,'LAPTOP','HP Pavilion G11','Worktool','2023-06-17 09:00:00','2023-06-17 09:00:00'),(12,'LAPTOP','HP ProBook 440 ','Worktool','2023-06-17 09:00:00','2023-06-17 09:00:00'),(13,'LAPTOP','HP ProBook 640 G5','Worktool','2023-06-17 09:00:00','2023-06-17 09:00:00'),(14,'LAPTOP','HP Probook G8','Worktool','2023-06-17 09:00:00','2023-06-17 09:00:00'),(15,'LAPTOP','HP ProBook x360 ','Worktool','2023-06-17 09:00:00','2023-06-17 09:00:00'),(16,'LAPTOP','HP Spectre','Worktool','2023-06-17 09:00:00','2023-06-17 09:00:00'),(17,'DESKTOP','HP Pavilion 24 AiO','Worktool','2023-06-17 09:00:00','2023-06-17 09:00:00'),(18,'IPAD','Apple','Worktool','2023-06-17 09:00:00','2023-06-17 09:00:00');
/*!40000 ALTER TABLE `items` ENABLE KEYS */;
UNLOCK TABLES;

--
-- Table structure for table `locations`
--

DROP TABLE IF EXISTS `locations`;
/*!40101 SET @saved_cs_client     = @@character_set_client */;
/*!50503 SET character_set_client = utf8mb4 */;
CREATE TABLE `locations` (
  `id` bigint unsigned NOT NULL AUTO_INCREMENT,
  `name` varchar(255) COLLATE utf8mb4_unicode_ci NOT NULL,
  `address` varchar(255) COLLATE utf8mb4_unicode_ci NOT NULL,
  `state` varchar(255) COLLATE utf8mb4_unicode_ci NOT NULL,
  `created_at` timestamp NULL DEFAULT CURRENT_TIMESTAMP,
  `updated_at` timestamp NULL DEFAULT CURRENT_TIMESTAMP,
  PRIMARY KEY (`id`)
) ENGINE=InnoDB AUTO_INCREMENT=9 DEFAULT CHARSET=utf8mb4 COLLATE=utf8mb4_unicode_ci;
/*!40101 SET character_set_client = @saved_cs_client */;

--
-- Dumping data for table `locations`
--

LOCK TABLES `locations` WRITE;
/*!40000 ALTER TABLE `locations` DISABLE KEYS */;
INSERT INTO `locations` VALUES (1,'Head Office Yenagoa','Yenagoa','Bayelsa','2023-05-30 20:59:30','2023-05-30 20:59:30'),(2,'Rivers Zonal Office','Portharcourt','Rivers','2023-05-30 20:59:30','2023-05-30 20:59:30'),(3,'Akwa Ibom Zonal Office','Akwa Ibom','Akwa Ibom','2023-05-30 20:59:30','2023-05-30 20:59:30'),(4,'Imo Zonal Office','Imo','Imo','2023-05-30 20:59:30','2023-05-30 20:59:30'),(5,'Delta Zonal Office','Delta','Delta','2023-05-30 20:59:30','2023-05-30 20:59:30'),(6,'Ondo Zonal Office','Ondo','Ondo','2023-05-30 20:59:30','2023-05-30 20:59:30'),(7,'Abuja Liaison Office','Abuja','Abuja','2023-05-30 20:59:30','2023-05-30 20:59:30'),(8,'Lagos Liaison Office','Lagos','Lagos','2023-05-30 20:59:30','2023-05-30 20:59:30');
/*!40000 ALTER TABLE `locations` ENABLE KEYS */;
UNLOCK TABLES;

--
-- Table structure for table `migrations`
--

DROP TABLE IF EXISTS `migrations`;
/*!40101 SET @saved_cs_client     = @@character_set_client */;
/*!50503 SET character_set_client = utf8mb4 */;
CREATE TABLE `migrations` (
  `id` int unsigned NOT NULL AUTO_INCREMENT,
  `migration` varchar(255) COLLATE utf8mb4_unicode_ci NOT NULL,
  `batch` int NOT NULL,
  PRIMARY KEY (`id`)
) ENGINE=InnoDB AUTO_INCREMENT=28 DEFAULT CHARSET=utf8mb4 COLLATE=utf8mb4_unicode_ci;
/*!40101 SET character_set_client = @saved_cs_client */;

--
-- Dumping data for table `migrations`
--

LOCK TABLES `migrations` WRITE;
/*!40000 ALTER TABLE `migrations` DISABLE KEYS */;
INSERT INTO `migrations` VALUES (5,'2023_03_30_103644_create_items_table',1),(6,'2023_03_30_103645_create_ddds_table',1),(7,'2023_03_30_103646_create_staff_table',1),(8,'2023_03_30_103739_create_inventory_table',1),(9,'2023_03_30_103740_create_helpdesk_requests_table',1),(10,'2023_03_30_103741_create_helpdesk_supports_table',1),(11,'2023_03_30_103749_create_item_requests_table',1),(18,'2019_12_14_000001_create_personal_access_tokens_table',2),(19,'2023_04_20_222957_create_activity_logs_table',2),(20,'2023_05_08_162440_create_request_categories_table',3),(21,'2023_03_30_103650_create_distribution_items_table',4),(22,'2023_05_15_142426_create_item_details_table',4),(23,'2023_03_30_083543_create_floors_table',5),(24,'2023_03_30_083542_create_locations_table',6),(25,'2023_03_30_103645_create_offices_table',6),(26,'2023_05_30_214238_update_staff_table',7),(27,'2023_03_30_103750_create_item_distributions_table',8);
/*!40000 ALTER TABLE `migrations` ENABLE KEYS */;
UNLOCK TABLES;

--
-- Table structure for table `offices`
--

DROP TABLE IF EXISTS `offices`;
/*!40101 SET @saved_cs_client     = @@character_set_client */;
/*!50503 SET character_set_client = utf8mb4 */;
CREATE TABLE `offices` (
  `id` bigint unsigned NOT NULL AUTO_INCREMENT,
  `office_no` varchar(255) COLLATE utf8mb4_unicode_ci NOT NULL,
  `ddd_id` bigint unsigned NOT NULL,
  `location_id` bigint unsigned NOT NULL,
  `created_at` timestamp NULL DEFAULT NULL,
  `updated_at` timestamp NULL DEFAULT NULL,
  PRIMARY KEY (`id`),
  KEY `offices_ddd_id_foreign` (`ddd_id`),
  KEY `offices_location_id_foreign` (`location_id`),
  CONSTRAINT `offices_ddd_id_foreign` FOREIGN KEY (`ddd_id`) REFERENCES `ddds` (`id`),
  CONSTRAINT `offices_location_id_foreign` FOREIGN KEY (`location_id`) REFERENCES `locations` (`id`)
) ENGINE=InnoDB AUTO_INCREMENT=11 DEFAULT CHARSET=utf8mb4 COLLATE=utf8mb4_unicode_ci;
/*!40101 SET character_set_client = @saved_cs_client */;

--
-- Dumping data for table `offices`
--

LOCK TABLES `offices` WRITE;
/*!40000 ALTER TABLE `offices` DISABLE KEYS */;
INSERT INTO `offices` VALUES (1,'0223',1,1,'2023-06-01 12:57:03','2023-06-05 10:32:26'),(2,'0912',2,1,'2023-06-11 07:07:10','2023-06-11 07:07:10'),(3,'0910',2,1,'2023-06-11 07:07:14','2023-06-11 07:07:14'),(4,'0911',2,1,'2023-06-11 07:07:16','2023-06-11 07:07:16'),(5,'0920',22,1,'2023-06-11 07:07:30','2023-06-11 07:08:21'),(6,'0921',22,1,'2023-06-11 07:07:33','2023-06-11 07:08:13'),(7,'0922',22,1,'2023-06-11 07:07:37','2023-06-11 07:08:00'),(8,'1310',13,1,'2023-06-11 07:09:24','2023-06-11 07:09:24'),(9,'1311',13,1,'2023-06-11 07:09:27','2023-06-11 07:09:27'),(10,'1312',13,1,'2023-06-11 07:09:29','2023-06-11 07:09:29');
/*!40000 ALTER TABLE `offices` ENABLE KEYS */;
UNLOCK TABLES;

--
-- Table structure for table `personal_access_tokens`
--

DROP TABLE IF EXISTS `personal_access_tokens`;
/*!40101 SET @saved_cs_client     = @@character_set_client */;
/*!50503 SET character_set_client = utf8mb4 */;
CREATE TABLE `personal_access_tokens` (
  `id` bigint unsigned NOT NULL AUTO_INCREMENT,
  `tokenable_type` varchar(255) COLLATE utf8mb4_unicode_ci NOT NULL,
  `tokenable_id` bigint unsigned NOT NULL,
  `name` varchar(255) COLLATE utf8mb4_unicode_ci NOT NULL,
  `token` varchar(64) COLLATE utf8mb4_unicode_ci NOT NULL,
  `abilities` text COLLATE utf8mb4_unicode_ci,
  `last_used_at` timestamp NULL DEFAULT NULL,
  `expires_at` timestamp NULL DEFAULT NULL,
  `created_at` timestamp NULL DEFAULT NULL,
  `updated_at` timestamp NULL DEFAULT NULL,
  PRIMARY KEY (`id`),
  UNIQUE KEY `personal_access_tokens_token_unique` (`token`),
  KEY `personal_access_tokens_tokenable_type_tokenable_id_index` (`tokenable_type`,`tokenable_id`)
) ENGINE=InnoDB DEFAULT CHARSET=utf8mb4 COLLATE=utf8mb4_unicode_ci;
/*!40101 SET character_set_client = @saved_cs_client */;

--
-- Dumping data for table `personal_access_tokens`
--

LOCK TABLES `personal_access_tokens` WRITE;
/*!40000 ALTER TABLE `personal_access_tokens` DISABLE KEYS */;
/*!40000 ALTER TABLE `personal_access_tokens` ENABLE KEYS */;
UNLOCK TABLES;

--
-- Table structure for table `request_categories`
--

DROP TABLE IF EXISTS `request_categories`;
/*!40101 SET @saved_cs_client     = @@character_set_client */;
/*!50503 SET character_set_client = utf8mb4 */;
CREATE TABLE `request_categories` (
  `id` bigint unsigned NOT NULL AUTO_INCREMENT,
  `name` varchar(255) COLLATE utf8mb4_unicode_ci NOT NULL,
  `parent_id` int DEFAULT NULL,
  `created_at` timestamp NULL DEFAULT NULL,
  `updated_at` timestamp NULL DEFAULT NULL,
  PRIMARY KEY (`id`)
) ENGINE=InnoDB AUTO_INCREMENT=25 DEFAULT CHARSET=utf8mb4 COLLATE=utf8mb4_unicode_ci;
/*!40101 SET character_set_client = @saved_cs_client */;

--
-- Dumping data for table `request_categories`
--

LOCK TABLES `request_categories` WRITE;
/*!40000 ALTER TABLE `request_categories` DISABLE KEYS */;
INSERT INTO `request_categories` VALUES (1,'Application Issue',NULL,NULL,NULL),(2,'Network Issue',NULL,NULL,NULL),(3,'Hardware Issue',NULL,NULL,NULL),(4,'Budget Portal Issue',1,NULL,NULL),(5,'Sunsystems Issue',1,NULL,NULL),(6,'Office 365 Issue',1,NULL,NULL),(7,'VMS Issue',1,NULL,NULL),(8,'Zendex Issue',1,NULL,NULL),(9,'e-Library Issue',1,NULL,NULL),(10,'Procurement Portal Issue',1,NULL,NULL),(11,'HRIS Issue',1,NULL,NULL),(12,'Cable Issue',2,NULL,NULL),(13,'Access Point Issue',2,NULL,NULL),(14,'Captive Portal Issue',2,NULL,NULL),(15,'General Downtime Issue',2,NULL,NULL),(16,'Printer Issue',3,NULL,NULL),(17,'Laptop Issue',3,NULL,NULL),(18,'Desktop Issue',3,NULL,NULL),(19,'IP Telephony Issue',3,NULL,NULL),(20,'Miscellaneous',NULL,NULL,NULL),(21,'Event IT Support',20,NULL,NULL),(22,'Others',20,NULL,NULL),(23,'Installation',1,NULL,NULL),(24,'Accessory Issue',3,NULL,NULL);
/*!40000 ALTER TABLE `request_categories` ENABLE KEYS */;
UNLOCK TABLES;

--
-- Table structure for table `staff`
--

DROP TABLE IF EXISTS `staff`;
/*!40101 SET @saved_cs_client     = @@character_set_client */;
/*!50503 SET character_set_client = utf8mb4 */;
CREATE TABLE `staff` (
  `id` bigint unsigned NOT NULL AUTO_INCREMENT,
  `staff_no` int NOT NULL,
  `name` varchar(255) COLLATE utf8mb4_unicode_ci NOT NULL,
  `email` varchar(255) COLLATE utf8mb4_unicode_ci NOT NULL,
  `email_verified_at` timestamp NULL DEFAULT NULL,
  `ddd_id` bigint unsigned NOT NULL,
  `location_id` bigint unsigned NOT NULL,
  `role` varchar(255) COLLATE utf8mb4_unicode_ci NOT NULL DEFAULT 'Staff',
  `status` varchar(255) COLLATE utf8mb4_unicode_ci NOT NULL DEFAULT 'Active',
  `password` varchar(255) COLLATE utf8mb4_unicode_ci NOT NULL,
  `reset_password` tinyint(1) NOT NULL DEFAULT '1',
  `remember_token` varchar(100) COLLATE utf8mb4_unicode_ci DEFAULT NULL,
  `created_at` timestamp NULL DEFAULT NULL,
  `updated_at` timestamp NULL DEFAULT NULL,
  PRIMARY KEY (`id`),
  UNIQUE KEY `staff_email_unique` (`email`),
  KEY `staff_ddd_id_foreign` (`ddd_id`),
  KEY `staff_location_id_foreign` (`location_id`),
  CONSTRAINT `staff_ddd_id_foreign` FOREIGN KEY (`ddd_id`) REFERENCES `ddds` (`id`),
  CONSTRAINT `staff_location_id_foreign` FOREIGN KEY (`location_id`) REFERENCES `locations` (`id`)
) ENGINE=InnoDB AUTO_INCREMENT=357 DEFAULT CHARSET=utf8mb4 COLLATE=utf8mb4_unicode_ci;
/*!40101 SET character_set_client = @saved_cs_client */;

--
-- Dumping data for table `staff`
--

LOCK TABLES `staff` WRITE;
/*!40000 ALTER TABLE `staff` DISABLE KEYS */;
INSERT INTO `staff` VALUES (1,22390,'MUHAMMAD SIRAJO','muhammad.sirajo@ncdmb.gov.ng',NULL,1,1,'Admin','Active','$2y$10$WB5DjLlMnVoYJfYciJzczOunBBPba/L5N8NKRNUN53ZBTYpzUd9Jm',0,NULL,NULL,'2023-07-03 18:51:25'),(2,22414,'OLISAEMEKA FREDRICK ISIFE','olisaemeka.isife@ncdmb.gov.ng',NULL,1,1,'Helpdesk Staff','Active','$2y$10$u3hY2JdwH.gyoj32VnTKMOVB3hUlCfpK8BRX/Q3EoMblQlrp8KOfm',0,NULL,NULL,'2023-07-12 10:59:53'),(3,18290,'BOBBY TAMUNOTONYE EKARO','bobby.ekaro@ncdmb.gov.ng',NULL,1,1,'Admin','Active','$2y$10$5.qpP8qJ5EkY/nr.g7RclOxJ5Y0ucqMN91Cg0zeTG7OEicADkamnq',1,NULL,NULL,NULL),(4,22345,'SULAIMAN OLAITAN AMOLEGBE','sulaiman.amolegbe@ncdmb.gov.ng',NULL,2,1,'Staff','Blocked','$2y$10$VTkSIO1orQy96LGwgqovnO.atcE6VNT/qhWefw6aGXwFUq/WwsLem',1,NULL,NULL,NULL),(5,22374,'GBENEKANU LEDORNU MPIGI','gbenekanu.mpigi@ncdmb.gov.ng',NULL,2,1,'Staff','Blocked','$2y$10$rwxmUIlmtWfSd2RaAzGDzuhudvEpEp9P9pHeaN9Lclr1eu2EcrPbO',1,NULL,NULL,NULL),(6,22360,'CHIKA IFEOMA UDORA','chika.udora@ncdmb.gov.ng',NULL,2,1,'Staff','Blocked','$2y$10$65drrUqIJrOA8DlmRQMHCO6lGpHLFKWvCz1ZIIIEWltVtUiZhAqDS',1,NULL,NULL,NULL),(7,22342,'SULAIMAN TALLE MUSA','sulaiman.musa@ncdmb.gov.ng',NULL,24,1,'Staff','Blocked','$2y$10$QEsfP6hWN/.RKtvhvr/jWuZMUFKeUicGIWsyTjcFaPe6GsS9hrjY.',1,NULL,NULL,NULL),(8,22407,'EBIFAGHA JASON ERITAMONYO MONIGHA','ebifagha.monigha@ncdmb.gov.ng',NULL,2,1,'Staff','Blocked','$2y$10$ehUWie3tOrhE.iDquuLLLuqXg/QKm9D1OpdhgWFiJwBDIsEvJ56/W',1,NULL,NULL,NULL),(9,22380,'SAIDU HUSSAINI','saidu.hussaini@ncdmb.gov.ng',NULL,2,1,'Staff','Blocked','$2y$10$2y61SpZfSu/R.PDON8vrAeehsR2pajDA9Rnx31Ztq91XiINxWmUuy',1,NULL,NULL,NULL),(10,22421,'SALIM MUSA','salim.musa@ncdmb.gov.ng',NULL,2,1,'Staff','Blocked','$2y$10$2NqyQjUcDrkN3DtklyXw4.WxHref3lZbwv0gSaASiWeW7XwuCl/3e',1,NULL,NULL,NULL),(11,22404,'AYIBAKARELAMI ABINA BRIGIDI','ayibakarelami.brigidi@ncdmb.gov.ng',NULL,2,1,'Staff','Blocked','$2y$10$OX7k/ac14s2sogB3KOvJ/..sIKuJXavV57bVtyVnUdocdb1DKMNDq',1,NULL,NULL,NULL),(12,22425,'AYEBATARI EBIASON','ayebatari.ebiason@ncdmb.gov.ng',NULL,2,1,'Staff','Blocked','$2y$10$612CsgDc0Ux4H7QReI136OiY3GIgRGkXCQ.GZ5V2AgjMRRkiHw.9G',1,NULL,NULL,NULL),(13,14261,'NANCY INYANGETE INYANG','nancy.inyang@ncdmb.gov.ng',NULL,2,1,'Staff','Blocked','$2y$10$imcFjBEZ2ftpdJnzwdPBjeRX8MtQkUwCsrRqk6nxEl6rprvkJgWXW',1,NULL,NULL,NULL),(14,18289,'AMAIJAAN IKURU','ama.ikuru@ncdmb.gov.ng',NULL,2,1,'Staff','Blocked','$2y$10$NBLlsvyxrZGqYJB5.uOOR.NMD5Acplxi6tf/MbKpLrGbfZXbgsFIe',1,NULL,NULL,NULL),(15,14247,'AYIMOVIE DIEKIVIE IKIOGHA','ayimovie.ikiogha@ncdmb.gov.ng',NULL,2,1,'Staff','Blocked','$2y$10$TA4eOuCdrfBXMHEsJzuqHuJUCNPbh7ouR3h0xZCGd8SBYdIhJMgKO',1,NULL,NULL,NULL),(16,19297,'DESMOND IGBERAJEGHRE OKIEMUTE','desmond.okiemute@ncdmb.gov.ng',NULL,2,1,'Staff','Blocked','$2y$10$etsB7KeBrgHhoUNzx1WHXuQ1dmsQAU752hZ0GnhGjPgIsF5rKpBwG',1,NULL,NULL,NULL),(17,11124,'JOHN WUPUIKUMO IFIDI','john.ifidi@ncdmb.gov.ng',NULL,2,1,'Staff','Blocked','$2y$10$6ZLDLDQYu7FuqgYa69e6eOmP693HDQswAS8hd62oPmKOe8t3II3Iu',1,NULL,NULL,NULL),(18,13171,'EJIRO DORTIE','ejiro.dortie@ncdmb.gov.ng',NULL,2,1,'Staff','Blocked','$2y$10$yjOqQN5JE3I8uZqyz58w9.26SHtNiWzGeGjdYV0DDQj7TGmgzrjky',1,NULL,NULL,NULL),(19,20308,'MOFE UKUNORITSEMOFE MEGBELE','mofe.megbele@ncdmb.gov.ng',NULL,2,1,'Staff','Blocked','$2y$10$kj6Km3Xc5mTR4BkRFdFulO0Q/AglCOluv/D47TYJGNsoOxUcMqhLa',1,NULL,NULL,NULL),(20,14252,'BASIL TAMARAUKURO ALEIBIRI','basil.aleibiri@ncdmb.gov.ng',NULL,2,1,'Staff','Blocked','$2y$10$eKeURltNuTlx8CuWVWxF3uIfp2QV8Q/7gvsDAOQSP2PY4C5k1ncUS',1,NULL,NULL,NULL),(21,12095,'OBINNA CHIMEZIE AGBUGBA','obinna.agbugba@ncdmb.gov.ng',NULL,2,1,'Staff','Blocked','$2y$10$wRyLNas4mwEy7yVTntmR5OfgOUdB3wdlIG/6Pdkp26CZ36wnOIXYi',1,NULL,NULL,NULL),(22,12112,'JAMES TUBIKUMO YAGUE','tubikumo.yague@ncdmb.gov.ng',NULL,2,1,'Staff','Blocked','$2y$10$tgd9RIJ7l.7y8ic6nhPN5O4L6PpLnVENJoD9Pux4zNsavexjWcR/e',1,NULL,NULL,NULL),(23,10038,'CHUKWUMA UDOM','chukwuma.udom@ncdmb.gov.ng',NULL,2,1,'Staff','Blocked','$2y$10$xLLfOc4b0uPPsSoobE7nQ.ScK3jbOhCHnM5lk7kXwrtO2P3f1hVA6',1,NULL,NULL,NULL),(24,20320,'UCHE MALACHI UCHE','uche.uche@ncdmb.gov.ng',NULL,2,1,'Staff','Blocked','$2y$10$FUGQk5tzptuq6BZ.5F2Si.C7VyiR/y5r9Un4c9mCCIS0x4P/CtF8u',1,NULL,NULL,NULL),(25,10047,'AUGUSTINE TIMBIRI','augustine.timbiri@ncdmb.gov.ng',NULL,2,1,'Staff','Blocked','$2y$10$/wn1wgblxihdUhxWcBv6netdGljmwTmdoUcSjxadEDLXp4u6HjsI.',1,NULL,NULL,NULL),(26,12104,'TOBIN BIRIYAI SPIFF','tobin.spiff@ncdmb.gov.ng',NULL,2,1,'Staff','Blocked','$2y$10$EMBgcdqxFikcJEg64gYJBeLasZ6brnsjlraT3wB3K6Bg9JJWMrUoi',1,NULL,NULL,NULL),(27,14230,'SALLAHUDEEN MUHAMMAD','sallahudeen.muhammad@ncdmb.gov.ng',NULL,2,1,'Staff','Blocked','$2y$10$bOGoG9TYdM/KDQ7GcJahDuiC9xoiiU2ffY33UJSNbcmmXH.rdQJ/O',1,NULL,NULL,NULL),(28,14243,'OTAMINAGUO OGHE','otaminaguo.oghe@ncdmb.gov.ng',NULL,2,1,'Staff','Blocked','$2y$10$8asT1ybxxtPXX.Dyn9JyGOPmfpr4o1mnrswuLD3lAbQy1gn7mWDra',1,NULL,NULL,NULL),(29,12093,'GABRIEL OKPETU','gabriel.okpetu@ncdmb.gov.ng',NULL,2,1,'Staff','Blocked','$2y$10$A1cii1o29CX6bop5zBQHc.YYdz.5sBml6Q5f7epezp0zAU9TF4Egi',1,NULL,NULL,NULL),(30,14217,'ANGELA EGHE OKORO','angela.okoro@ncdmb.gov.ng',NULL,2,1,'Staff','Blocked','$2y$10$Pv/DX/4YEzYSHGXGItbwQeyP2hg1ou6h8x/Nl73pBM93JKyWqE.c.',1,NULL,NULL,NULL),(31,13202,'MOSES OKONTE-JONAH','okonte-jonah.moses@ncdmb.gov.ng',NULL,2,1,'Staff','Blocked','$2y$10$WfF5Rq.a0Fn8dRXkubxiz.DXCfZ0JUuN/opD5QnZ3NfYXZr9zEWlO',1,NULL,NULL,NULL),(32,13209,'OGEH CHUKWUEMAKA GODSWILL','ogeh.godswill@ncdmb.gov.ng',NULL,2,1,'Staff','Blocked','$2y$10$/tZxI366ENIQfePtWgyCyeiYeZVIuIunAspsWkdsVUPTGZTtOnvZm',1,NULL,NULL,NULL),(33,14245,'LOTANNA ONYEKACHI OGBUAGU','lotanna.onyekachi@ncdmb.gov.ng',NULL,2,1,'Staff','Blocked','$2y$10$wTLsy.YnEkse3E.R21XRkesvnJA12Zq1OV5/Jv.nuE.lJrBV4d4Xi',1,NULL,NULL,NULL),(34,13178,'OGBONNA UGOCHUKWU MARTIN','ogbonna.martin@ncdmb.gov.ng',NULL,2,1,'Staff','Blocked','$2y$10$oRavZYbeWJtxGgCeo8DFRO2UXIXeaHG8EPdq/ZVgMzovDOh41IqlW',1,NULL,NULL,NULL),(35,14223,'OGANUZOR CHISTOPHER UCHECHUKWU','oganuzor.uchechukwu@ncdmb.gov.ng',NULL,2,1,'Staff','Blocked','$2y$10$pGZn5inOc3eZijkfxcsDtO1OX.dIxK6kO2F1Z/U87iIHa8oz.UExK',1,NULL,NULL,NULL),(36,11127,'BERNARD CHUKWU NWAOKEDIBE','bernard.nwaokedibe@ncdmb.gov.ng',NULL,2,1,'Staff','Blocked','$2y$10$.dQrqzZuG8j4vuUFNtLkOecO4ziPdQ7KX9aQozOvCXeuv2FtOVj0q',1,NULL,NULL,NULL),(37,20307,'MAURICE KELLY IWHIWHU','maurice.iwhiwhu@ncdmb.gov.ng',NULL,2,1,'Staff','Blocked','$2y$10$ouQAdq7FYDvdzwnF2AyLp.ZIVaEb6/ZIzSeT9uVPl9qDSnU9lzEkm',1,NULL,NULL,NULL),(38,12161,'CHARITY TARI LEGHEMO','charity.leghemo@ncdmb.gov.ng',NULL,2,1,'Staff','Blocked','$2y$10$yBDnlzoNLonOAYOkcDyLAeP29Is2clUNmWtF/YOcX6Rv0XjFEh1py',1,NULL,NULL,NULL),(39,22408,'BILKISU MUSA YAR\'ADUA','bilkisu.yar-adua@ncdmb.gov.ng',NULL,22,1,'Staff','Blocked','$2y$10$Yv2d/H9FlBh5gKDDbZpL2./Sk2vc6xJd75tpFDAuh6rIfXocnEFwi',1,NULL,NULL,NULL),(40,22392,'OPHELIA JACKSON','ophelia.jackson@ncdmb.gov.ng',NULL,22,1,'Staff','Blocked','$2y$10$3ygvOrwXrrRzvuCTqjEcxeSxXjo58EXl3rjhIH9wFBH5r1j8/6g4C',1,NULL,NULL,NULL),(41,22366,'YUSUF ABDULLAHI','yusuf.abdullahi@ncdmb.gov.ng',NULL,22,1,'Staff','Blocked','$2y$10$w1dcLbvElDukUUOjPUypJuD8G8/bYMkJiqfpCC4SjlHgnBuvP5Uva',1,NULL,NULL,NULL),(42,12084,'NYOKI EKPENYONG ITA','nyoki.ita@ncdmb.gov.ng',NULL,22,1,'Staff','Blocked','$2y$10$0enRXPxtN2GMjzr8VxYC2eaLCAmFIyRfie1YtuSaz0kMwQBzA2LM2',1,NULL,NULL,NULL),(43,10044,'BENSON INIFIE','benson.inifie@ncdmb.gov.ng',NULL,22,1,'Staff','Blocked','$2y$10$0vYkwQtXAiAXuM4ZwVzw6efarEYAXmQKloUV4l2vjPhMNq8oxKg6W',1,NULL,NULL,NULL),(44,10040,'OBINNA JOSEPH EZEOBI','obinna.ezeobi@ncdmb.gov.ng',NULL,22,1,'Staff','Blocked','$2y$10$ySXs4fZQE4rccUqh7miIz.19Q87WQ489c2B5U3b6bxdoPNcXxnes6',1,NULL,NULL,NULL),(45,13192,'IZONEBI ZUOFA','izonebi.zuofa@ncdmb.gov.ng',NULL,22,1,'Staff','Blocked','$2y$10$K/sMr5e8G111LQSAhVqVFulPh.Yu1aBolgiJT0SgwZBv33nr.6JxG',1,NULL,NULL,NULL),(46,11133,'TELEOLA CLEMENT OYELEKE','teleola.oyeleke@ncdmb.gov.ng',NULL,22,1,'Staff','Blocked','$2y$10$UMPHx7Eooc/Y3A/sKkqe4eUU4UwKa.ozFpXr48eTC7XLjzPX2m6ZK',1,NULL,NULL,NULL),(47,14249,'NABOTH ONYEMAECHI ONYESOH','naboth.onyesoh@ncdmb.gov.ng',NULL,22,1,'Staff','Blocked','$2y$10$3FYYC8mLHcqnrIWkV9PVcuAx9oaAkt8cMGe/sazkc.l9x.I2dKcje',1,NULL,NULL,NULL),(48,13210,'IFEANYI NNAMDI NWOKEMODO','ifeanyi.nwokemodo@ncdmb.gov.ng',NULL,22,1,'Staff','Blocked','$2y$10$FiqD/xHYjm7RH5U/OlGO2e1JOBsN31VW8wkLcjsKxPirq9TjqIQly',1,NULL,NULL,NULL),(49,22346,'ENE CYNTHIA ONAIVI','ene.onaivi@ncdmb.gov.ng',NULL,17,1,'Staff','Blocked','$2y$10$ArsIfjkAyWocT4LTHiIPJulnzHD9/U9EsanN4YCJUZsanTLKGQkbW',1,NULL,NULL,NULL),(50,22382,'PEREWARI NANCY SAMSON','perewari.samson@ncdmb.gov.ng',NULL,17,1,'Staff','Blocked','$2y$10$q3ulJKteDDdLMaerVagPnuHJ57gjWAUiz6/iHVvBr3CTLpV4MdGES',1,NULL,NULL,NULL),(51,20317,'MARYANN NENE IJIOMA','maryann.ijioma@ncdmb.gov.ng',NULL,17,1,'Staff','Blocked','$2y$10$E46dcp7lI.s.8WcqOoFaU.8gEpB4XWoQIZrbBwTmIMOiZWR0qOmMm',1,NULL,NULL,NULL),(52,12158,'OLAJIDE OBALOLA','olajide.obalola@ncdmb.gov.ng',NULL,17,1,'Staff','Blocked','$2y$10$fIru6qfQ3u4v3ZIshe8RWOU.51W39VUUzu0yZvVbU1oXcZAyRalrq',1,NULL,NULL,NULL),(53,22393,'AYIBANENGIYEFA KAREN GOLI','ayibanengiyefa.goli@ncdmb.gov.ng',NULL,7,1,'Staff','Blocked','$2y$10$IYNMBHIFNukVaZ2.hdmkLuAiRhmyth/3WyNIR4FsVR8boB2iV8fGy',1,NULL,NULL,NULL),(54,22430,'VICTOR NDEM EYIBIO','victor.eyibio@ncdmb.gov.ng',NULL,7,1,'Staff','Blocked','$2y$10$/63uY/chN1QKcKqbuYeZluyM0lBgTgfOh7Im3u/gdRwBH0GxVj572',1,NULL,NULL,NULL),(55,22377,'IGONDA MILDRED ESKOR-BROWN','igonda.eskor-brown@ncdmb.gov.ng',NULL,7,1,'Staff','Blocked','$2y$10$RwSqfgIrNqlUjYfRrwRPSOjh6fUMxcIzXpadrjv.22PUfgQVoOZf2',1,NULL,NULL,NULL),(56,22418,'ADELANI THOMAS AJIBIKE','adelani.ajibike@ncdmb.gov.ng',NULL,7,1,'Staff','Blocked','$2y$10$ALL1GDvZJh.TcYhqIdhJeeAZEn0IB0T9Nx8OYR4UFnpiiZHsZQS8q',1,NULL,NULL,NULL),(57,20313,'ENENIBIO OTEKIKUMA','enenibio.otekikuma@ncdmb.gov.ng',NULL,7,1,'Staff','Blocked','$2y$10$XY1Rni1PlzjXEtEvrctnR.PUuWINluBzCc51E4YbvQaBEN8ETLunS',1,NULL,NULL,NULL),(58,20334,'IBILOLIA ESTHER DIKIO','ibilolia.dikio@ncdmb.gov.ng',NULL,7,1,'Staff','Blocked','$2y$10$.H50XibNkrFuAUqBQzLP7O50dOIXL9NY4Yz6fPsCwK2BN41Yt9jdq',1,NULL,NULL,NULL),(59,14264,'ROSE CHUKWUONWE','rose.chukwuonwe@ncdmb.gov.ng',NULL,7,1,'Staff','Blocked','$2y$10$DiOGE7roOKemwgQ4Ger.i.6j2Ol8WNZJ99Hd8Gm3JBDPlea0ktfpe',1,NULL,NULL,NULL),(60,11056,'UMAR BABANGIDA MOHAMMED','mohammed.umar@ncdmb.gov.ng',NULL,7,1,'Staff','Blocked','$2y$10$7A7a1kil26yJbzT0bFoVSeOZrZh3tVF6BBF7f540Uh.6wfbh6QpwO',1,NULL,NULL,NULL),(61,17284,'ILU JOHN OZEKHOME','ilu.ozekhome@ncdmb.gov.ng',NULL,7,1,'Staff','Blocked','$2y$10$40Ko0K7v4Gkmwy6P1o/.s.bLKSCJEU5Cd05WA471hlw.yGFpc0o92',1,NULL,NULL,NULL),(62,14260,'OSIGWE ADEMI BILLY','osigwe.billy@ncdmb.gov.ng',NULL,7,1,'Staff','Blocked','$2y$10$edEt/UY/Rx4UfLbgpxUrO.8a65aGeEva.OTNxidexZ97ytdiAkhVm',1,NULL,NULL,NULL),(63,11082,'DAVID IKENNA OKAGBUE','david.okagbue@ncdmb.gov.ng',NULL,7,1,'Staff','Blocked','$2y$10$ASza/6dhTYmWswiAw4jybu8dyt0lmEcCDpFdXp3O8UGTEP0ekmce.',1,NULL,NULL,NULL),(64,12083,'MAUREEN OKIEMUTE OBUKOFE','maureen.obukofe@ncdmb.gov.ng',NULL,7,1,'Staff','Blocked','$2y$10$.WyJbrTWUytQKZC5vVpwOOkdDhZ5RliotNd9C/dyxLJ5QpcJplIQK',1,NULL,NULL,NULL),(65,12153,'NKECHINYERE UDU-NWACHI','nkechinyere.udu-nwachi@ncdmb.gov.ng',NULL,7,1,'Staff','Blocked','$2y$10$JrSBocIEGw8PZZSkUJXTKOr4KQUbLIBdymw2h0fIwbJyfHZeTdS22',1,NULL,NULL,NULL),(66,13189,'NELSON UGO AJUNUMA','nelson.ajuonuma@ncdmb.gov.ng',NULL,7,1,'Staff','Blocked','$2y$10$OWbLdwwbbACIlp0XeDXEKOXW0jZr4kc4YVKYNaqQ9aPslzpLMqnsS',1,NULL,NULL,NULL),(67,22400,'ESTHER DIEPREYE PEREKPO','esther.perekpo@ncdmb.gov.ng',NULL,10,1,'Staff','Blocked','$2y$10$P1/MvkmtojF0Fb3.Jd1J1eef1nL5sZPriq62ez4AI.23ANV4B8o3u',1,NULL,NULL,NULL),(68,14242,'DEBORAH IZZI PAI-TABUCHI','deborah.ekawu@ncdmb.gov.ng',NULL,10,1,'Staff','Blocked','$2y$10$99/5tw87VW5b/HOjhkWJJuWFGcuuKckK7BmT2l8s59MbXMYWO5SNq',1,NULL,NULL,NULL),(69,12135,'FARID ABDALLAH BLELL','farid.blell@ncdmb.gov.ng',NULL,10,1,'Staff','Blocked','$2y$10$BNKvLzIdXa2gP/8Mlyo4EO9zHURqlF5NIBpOC6wt6T1xAfxo/Owy.',1,NULL,NULL,NULL),(70,17273,'BAMIDELE ABAYOMI','abayomi.bamidele@ncdmb.gov.ng',NULL,10,1,'Staff','Blocked','$2y$10$tQ5Am.GqmBCuLUsL5YgXf.RHR4VXOebiaUypArMMA3RUoQw2bJKaa',1,NULL,NULL,NULL),(71,17285,'VICTOR AYEBAKIPREYE AMABEBE','victor.amabebe@ncdmb.gov.ng',NULL,10,1,'Staff','Blocked','$2y$10$hJeY.EfHFs54MWpglt4jUO2PXLvKitrdtpKSDprIe2J5l6In2TxLu',1,NULL,NULL,NULL),(72,20319,'ORITEME BANIGO','oriteme.banigo@ncdmb.gov.ng',NULL,10,1,'Staff','Blocked','$2y$10$f7xEiUH43ZGjhHjgpkNv7O3H.QpBFMn9C8hOsZ6./rCyofIjFrh.W',1,NULL,NULL,NULL),(73,14227,'JOHN IJEOMA BARIGHA','john.barigha@ncdmb.gov.ng',NULL,10,1,'Staff','Blocked','$2y$10$sbrrpyDAOP0Ib87CvRzRFuuObq0VIc0zI5y1Pz4vEvqj/3uxYGh/2',1,NULL,NULL,NULL),(74,18292,'TOLULOPE DORCA WILLIAMS','tolulope.williams@ncdmb.gov.ng',NULL,10,1,'Staff','Blocked','$2y$10$rGk6VhidqSGr269FJsjDIeVRHIhwSfAEKnWzon9DfPnmiP7ubas6a',1,NULL,NULL,NULL),(75,16269,'SIMBI KESIYE WABOTE','simbi.wabote@ncdmb.gov.ng',NULL,10,1,'Staff','Blocked','$2y$10$ri3opFxszGnrUIzzYd6T2.Iirges1pf9MZAyqfq./0S3jd9PjA5IS',1,NULL,NULL,NULL),(76,13179,'ONAJERO GLORIA OSIEBE','onajero.osiebe@ncdmb.gov.ng',NULL,10,1,'Staff','Blocked','$2y$10$jLd2dX1DG4kRN0N8.GFpBe4TbuYVI8AYCTNCgdnfF7epEmJCUAMhW',1,NULL,NULL,NULL),(77,11117,'JOSEPH KOREDE OSHAGBAMI','joseph.oshagbami@ncdmb.gov.ng',NULL,10,1,'Staff','Blocked','$2y$10$QYkvG73HkM4F.h4z7PodMezxck7HLUwrEBaD7Dm9WOnD6Jeyt5d7S',1,NULL,NULL,NULL),(78,20321,'CHINOMNSO IKENNA NWORGU','chinomnso.nworgu@ncdmb.gov.ng',NULL,10,1,'Staff','Blocked','$2y$10$ik/a7gtu.k4D05hJZ2d2ruqnKKOVcfD5rWlGX1wtx/Q5X9KJjFHZe',1,NULL,NULL,NULL),(79,13194,'GLORIA KALU','gloria.kalu@ncdmb.gov.ng',NULL,10,1,'Staff','Blocked','$2y$10$LAXvQssO5Ff51OoR2/cq1OiPvLZlAtb7NIlQJS3eZXHhYnoh3y.iq',1,NULL,NULL,NULL),(80,22371,'GABRIEL OLASUNKANMI OJO','gabriel.ojo@ncdmb.gov.ng',NULL,12,1,'Staff','Blocked','$2y$10$mJHeM8pLGXes.c5Po6au5OCyrBNAsKVMCOQk3zeww99IjRSFGsZF6',1,NULL,NULL,NULL),(81,22355,'SODIQ OLALEKAN OLAJIDE','sodiq.olajide@ncdmb.gov.ng',NULL,12,1,'Staff','Blocked','$2y$10$3hjZs9hnpC3KTOLhMnzlm.FOJLPGpVlFwKdPnKCjiRcW6fsInFYae',1,NULL,NULL,NULL),(82,22419,'COMFORT ITAM MOSES','comfort.moses@ncdmb.gov.ng',NULL,12,1,'Staff','Blocked','$2y$10$.VESehep0vbmOsToSTplP.Yxk3FqxRJzQPVUKehxw3p6i.c4SqtUW',1,NULL,NULL,NULL),(83,22363,'FAVOUR JACKSON PARKE','favour.parke@ncdmb.gov.ng',NULL,12,1,'Staff','Blocked','$2y$10$id4iXCq8D9UXjc3wZXk6xe4zLJn7ryaU0thvGt2xeR0qUP6AOJuXG',1,NULL,NULL,NULL),(84,22412,'WISDOM UZOCHUKWU ALFRED ','wisdom.alfred@ncdmb.gov.ng',NULL,12,1,'Staff','Blocked','$2y$10$afxQYIwHWQii9vQ7Jtv0ruJ8OhTlVox3xarRZOJ.7DyLMoRYIxTJq',1,NULL,NULL,NULL),(85,23432,'CHIMDIKE BEDE OKOROAMA','chimdike.okoroama@ncdmb.gov.ng',NULL,12,1,'Staff','Blocked','$2y$10$2BMNRi8fN8fOD0E4UR3cQeAXRnkSl6KGvgXglXnltjJ5NHupA41Se',1,NULL,NULL,NULL),(86,12160,'OBIOMA CHIAMAKA IWEKA','obioma.iweka@ncdmb.gov.ng',NULL,12,1,'Staff','Blocked','$2y$10$Bc/nZP6cs963UGj6NiOuDubn5d5AZpZ.W0qTzQ2usd/k9dUd6mGo6',1,NULL,NULL,NULL),(87,10045,'AWUMADE DESMOND','awumade.desmond@ncdmb.gov.ng',NULL,12,1,'Staff','Blocked','$2y$10$FRzGFwvQ.TD2ZiDREhRnHu8D.8JcPmbNTEmcCLbca5.dWUhLqm4Je',1,NULL,NULL,NULL),(88,17282,'ATONBARA OMBU','atonbara.ombu@ncdmb.gov.ng',NULL,12,1,'Staff','Blocked','$2y$10$a/LpOAM.Qqqf5zAbRu3yJuNHFxKlXv5tXH9zLzPbuvMpISApak.NC',1,NULL,NULL,NULL),(89,14239,'AGEV ROBERT TERNGU','agev.terngu@ncdmb.gov.ng',NULL,12,1,'Staff','Blocked','$2y$10$eLTlYfNZP/Q7KTrp64a3iOrrlXxhSBW94Aw9f6Nk17F6PIm893EBG',1,NULL,NULL,NULL),(90,14226,'EBIERE BLESSING AGBALALAH','ebiere.agbalalah@ncdmb.gov.ng',NULL,12,1,'Staff','Blocked','$2y$10$3rB0AXTEgIujjSPVLxG.XOdtEQ5g7XPs5rfSu3uUnGKoCGGZCysmm',1,NULL,NULL,NULL),(91,20333,'DABELEMA TOMIDIEA GEORGE','dabelema.george@ncdmb.gov.ng',NULL,12,1,'Staff','Blocked','$2y$10$nREGxTlqmh.trE64KS2SWOeiqu9xS.dWuaXIFTK0VFfS/oMYrqo5a',1,NULL,NULL,NULL),(92,20316,'ABUBAKAR SADIQ BUKAR','abubakar.bukar@ncdmb.gov.ng',NULL,12,1,'Staff','Blocked','$2y$10$4c.0hQl0DmKsXxeheae9/u3X60WqQiWAd.dffpgT3vbuPyQvzxl1q',1,NULL,NULL,'2023-06-18 20:41:56'),(93,17283,'MUBARAQ MOHAMMED ZUBAIR','mubaraq.zubair@ncdmb.gov.ng',NULL,12,1,'Staff','Blocked','$2y$10$Tv9OLy.z4iksC6s29qZzdObBQXWFjByCQcwG2bTKOVuSOXRcV4EW2',1,NULL,NULL,NULL),(94,20305,'IFEANYI UKOHA','Ifeanyi.ukoha@ncdmb.gov.ng',NULL,12,1,'Staff','Blocked','$2y$10$JE7IqHHgbmFIK/lMLo4EieHXijHVhaChYTkUYkjHJu9qu8pFWpici',1,NULL,NULL,NULL),(95,11054,'OYINKEBI PORBENI','oyinke.porbeni@ncdmb.gov.ng',NULL,12,1,'Staff','Blocked','$2y$10$2oYVspOPRfdwLPTRMstMQegvXsJsuPFDcjXGFQXWUlrTC2dKanmq2',1,NULL,NULL,NULL),(96,12097,'DANDY ABUDU OSAGIE','dandy.osagie@ncdmb.gov.ng',NULL,12,1,'Staff','Blocked','$2y$10$SBGo.lWinC00/A.kSDHlS.rUiZSvd4lRBqIXojnvQWZP..u9iE6Ty',1,NULL,NULL,NULL),(97,13182,'CHIKA QUEENET OKIDI-ENWEREM','enwerem.chika@ncdmb.gov.ng',NULL,12,1,'Staff','Blocked','$2y$10$qFur.3S6nJrr1Luf4Ryf8eIX72sdY7bIiuThJfj88i0NIk5I4QiFS',1,NULL,NULL,NULL),(98,22405,'BABAGANA ABBA KALKALAMA','babagana.kalkalama@ncdmb.gov.ng',NULL,14,1,'Staff','Blocked','$2y$10$3bboAGt7sQKyZ0D7NTrMw.6NMfhsEmKq/IfnFazWSj/Zpslm5sh1G',1,NULL,NULL,NULL),(99,22402,'BIBOYE MATHEW DIRI','biboye.diri@ncdmb.gov.ng',NULL,14,1,'Staff','Blocked','$2y$10$/FsKyYmWf1cbh12iLmXNlO9B5T37LemgRyMoEjLmilmeScXQ8DQxC',1,NULL,NULL,NULL),(100,22348,'DAUDA DEDE GAMBO','dauda.gambo@ncdmb.gov.ng',NULL,14,1,'Staff','Blocked','$2y$10$F/SrA3NUhbiyBqAkBwb2zu0..T07aDPC5sfYCPld.X1Lm3r1jkkaC',1,NULL,NULL,NULL),(101,22364,'KINGSLEY TOBE NGOZI','kingsley.ngozi@ncdmb.gov.ng',NULL,14,1,'Staff','Blocked','$2y$10$360qipWlqJpBPRLtRPBeJ.SDY8OJ4sLMfafOt0QB.HRfE3dKHzZWS',1,NULL,NULL,NULL),(102,22353,'MOSES EBITIMI JAGIRI','moses.jagiri@ncdmb.gov.ng',NULL,14,1,'Staff','Blocked','$2y$10$T3AtMOIGASLfNwMJWTNEDOiGosjFjTEzm59XzXRt5DodtvxaV3hWO',1,NULL,NULL,NULL),(103,22394,'TOBI SAMUEL DARAMOLA','tobi.daramola@ncdmb.gov.ng',NULL,14,1,'Staff','Blocked','$2y$10$O8eo2fv6EkAHa3rAfzhax.ShzjClP0M7o9cSNPlHI1jXR2fb6dvje',1,NULL,NULL,NULL),(104,23433,'HENRY CHUKWUDI OGUDO','henry.ogudo@ncdmb.gov.ng',NULL,14,1,'Staff','Blocked','$2y$10$laDttcRuO0iYWIfo7kt1Y.9yS6UoL0Sn1PjBbLDA/0NPopAgUXJle',1,NULL,NULL,NULL),(105,18291,'SHUAIB ISA BABA','shuaib.baba@ncdmb.gov.ng',NULL,14,1,'Staff','Blocked','$2y$10$y/d0qikSWajzBE.Fqe25DuJmZuvZ8R2oxMPE5yVn1Fm27aRubCqHS',1,NULL,NULL,NULL),(106,11114,'LINDA WILFRED','linda.esekhile@ncdmb.gov.ng',NULL,14,1,'Staff','Blocked','$2y$10$dX32Jkd10cGjwGFyDyZEdOVe4ovASQA5aQRpdExFW3VfxXwjopT6O',1,NULL,NULL,NULL),(107,12089,'IKENNA CHIMEZIE ISIGUZO','ikenna.isiguzo@ncdmb.gov.ng',NULL,14,1,'Staff','Blocked','$2y$10$UK3HqMepcyyhNfVF1B.KZu3KVvf.5UNi0SUnMI/Bd7z3DLrK/Upr.',1,NULL,NULL,NULL),(108,13207,'REGINA IDUMANGI AMIEKUMO','regina.amiekumo@ncdmb.gov.ng',NULL,13,1,'Staff','Blocked','$2y$10$uUU8ylTReNxbCUI.s/Zr7.FY54pK64SFDB9qaLG.JK7a39nw7ZU1i',1,NULL,NULL,'2023-05-26 19:21:06'),(109,13174,'GHALI JUNAID SALIHU','ghali.salihu@ncdmb.gov.ng',NULL,14,1,'Staff','Blocked','$2y$10$oMU5ZUJIaaoueoP1mssh2.82sl/GJ9vsHLYiox1q/Tz69rb2pYuNq',1,NULL,NULL,NULL),(110,20337,'TARIDOUYE GAGARIGA','taridouye.gagariga@ncdmb.gov.ng',NULL,14,1,'Staff','Blocked','$2y$10$YgkH3EQ6gdJ.bTEasdOPU.I3mEZKNhXv54GA1W2z1VLy8GgTQKkhC',1,NULL,NULL,NULL),(111,14235,'ETIFA TEIKAKPO','etifa.teikakpo@ncdmb.gov.ng',NULL,14,1,'Staff','Blocked','$2y$10$A2NBrGF03hX2uFQgS7OHZ.xL4wP4.aw3h1eGp8qXbxSzMiJxxBZKC',1,NULL,NULL,NULL),(112,12096,'CHUX EDMOND EJIOGU','chux.ejiogu@ncdmb.gov.ng',NULL,14,1,'Staff','Blocked','$2y$10$12c.Gb1sTfIKwQEL6zfjueC3TAp9/XUvyviUKiAwai9/JNIKoYfPG',1,NULL,NULL,NULL),(113,13197,'EMBELEAKPO ABIDDE','abidde.embeleakpo@ncdmb.gov.ng',NULL,14,1,'Staff','Blocked','$2y$10$N0gljapCEGMn6VBRc0tR.OS8hZfG0j9KtFTBwnIVjbkDdU8LJNohu',1,NULL,NULL,NULL),(114,13215,'ALIYU MUHAMMED LIMAN','aliyu.liman@ncdmb.gov.ng',NULL,14,1,'Staff','Blocked','$2y$10$DbUOUgPvllF6gF80jDNPCOJ.WPKnB/86trbFApkuwFri.1hm.oTH2',1,NULL,NULL,NULL),(115,20325,'CHUKWUYENUM JASON OGANUFA','chukuyenum.oganufa@ncdmb.gov.ng',NULL,14,1,'Staff','Blocked','$2y$10$NK6ZLrkF4aePOD/h4X0A..M4cQWTN1tVjhMnCZWGS0b4YXGTumwDi',1,NULL,NULL,NULL),(116,20326,'OYIZA PREYE LAMBERT','oyiza.lambert@ncdmb.gov.ng',NULL,10,1,'Staff','Blocked','$2y$10$GsyLnaT0cA8OXGSMY9LHEOO3BwMh7Ahw6BsUIPFXL269WC5jPIgXi',1,NULL,NULL,'2023-05-26 19:17:02'),(117,20327,'MAYOWA ELEWUDE','mayowa.elewude@ncdmb.gov.ng',NULL,14,1,'Staff','Blocked','$2y$10$LTeVTWp9JwsZgxk3nGDr7O1NBQeHXa4xqGEbO42jkhhDIfSKVGWv2',1,NULL,NULL,NULL),(118,20328,'BELLO MOHAMMED KAWU','bello.kawu@ncdmb.gov.ng',NULL,14,1,'Staff','Blocked','$2y$10$47.4XKnb3X2KQMSqoe5j2eXR0WWLETH1pqGEl88hqLxN7uQUbJAFK',1,NULL,NULL,NULL),(119,20329,'ADENIYI AKINMABOGUNJE','adeniyi.akinmabogunje@ncdmb.gov.ng',NULL,14,1,'Staff','Blocked','$2y$10$rbSCx7iQjG9.BVmxMFPSYOZVQgdUjnGmqjSK35W44KvTRALuqh87u',1,NULL,NULL,NULL),(120,20330,'LIVINGSTONE GODWIN','livingstone.godwin@ncdmb.gov.ng',NULL,14,1,'Staff','Blocked','$2y$10$.WnhDNBDWbdSlwTxZV2gpe8BLbc5u3pTkkSnn8Yp.2Jlyg9H78pNK',1,NULL,NULL,NULL),(121,20331,'JACKSON ERE SELE','jackson.sele@ncdmb.gov.ng',NULL,14,1,'Staff','Blocked','$2y$10$KkZJpLmljOoDECz5wVv3He10Rg0/GNGrBHOxVlSNrJ99arje6Bceu',1,NULL,NULL,NULL),(122,20336,'IBISO OYIBO','ibiso.oyibo@ncdmb.gov.ng',NULL,14,1,'Staff','Blocked','$2y$10$JK.qCU9ZEwIjPMDB8Yf7..6nxUOgkmybsZznK4UrnmfCl3AQTJMPG',1,NULL,NULL,NULL),(123,20335,'KELSEY IDAEREFAA','kelsey.idaerefaa@ncdmb.gov.ng',NULL,14,1,'Staff','Blocked','$2y$10$8weXm.0SGHtoIdakjiwiKeqC6szn/FFKeyczhPpF05jiNzBxo7kCi',1,NULL,NULL,NULL),(124,20332,'PEREGBE MABINTON','peregbe.mabinton@ncdmb.gov.ng',NULL,14,1,'Staff','Blocked','$2y$10$EFQXWX5hR/BO6dQytKesseSJeWIODYj4MoMjPlN3U1x.kcCwKPoNu',1,NULL,NULL,NULL),(125,20001,'TANTEME KIO GODDEY','tanteme.goddey@ncdmb.gov.ng',NULL,14,1,'Staff','Blocked','$2y$10$Rk3Q/Xxa/RvzFXiBSssbi.NwN7rZYgp0gqqsom9y0cFFLHU57m0E.',1,NULL,NULL,NULL),(126,14253,'OLUGBENGA SHEBA','olugbenga.sheba@ncdmb.gov.ng',NULL,14,1,'Staff','Blocked','$2y$10$dVZjsi6/g0m1waNKmG.Fv.Ye7f6WuXfQQpSJBdhxjnXmKj0kSLSXu',1,NULL,NULL,NULL),(127,13198,'SAMUEL JOSEPH','samuel.joseph@ncdmb.gov.ng',NULL,14,1,'Staff','Blocked','$2y$10$mF9xmm21z339g3F3mRZNpee15c03JA015Z35m2ytCQG3k4UOWXpAq',1,NULL,NULL,NULL),(128,11059,'SULEIMAN OZIMEDE','suleiman.ozimede@ncdmb.gov.ng',NULL,14,1,'Staff','Blocked','$2y$10$9Zk.eY6MbdbIvXfZscPYA.gMzATQOBD6OBN2oIM.arVgw77b7s9ru',1,NULL,NULL,NULL),(129,12140,'FRANK MOSES OPUWARI','frank.opuwari@ncdmb.gov.ng',NULL,14,1,'Staff','Blocked','$2y$10$.C1Yk8cDRfzE.33q2JPZl.5j.jppJY6dhGetdv8yhOwzTrntDZ2oa',1,NULL,NULL,NULL),(130,13177,'HEDNA OYINMIEBI OKWU','hedna.okwu@ncdmb.gov.ng',NULL,14,1,'Staff','Blocked','$2y$10$9d4pcrNHv47hzEeMHE5JJexywbtS3axe7H4W3h6F2pHkr3ik6MYSW',1,NULL,NULL,NULL),(131,11060,'SALO OKOYA','salo.okoya@ncdmb.gov.ng',NULL,14,1,'Staff','Blocked','$2y$10$A/YPR/L1DNp/GtIFOjzBfuz73X40PUky9sQnHEv2PJeENUkDm0IPy',1,NULL,NULL,NULL),(132,11048,'MAUREEN ADA OHAERI','maureen.ohaeri@ncdmb.gov.ng',NULL,14,1,'Staff','Blocked','$2y$10$PRWQ3CGOb7PyE10l1SIlSOAyajbZCghD17VDMb3S74Wz0u/zmtz5C',1,NULL,NULL,NULL),(133,14258,'OGEDEGBE GBANO-DIDI','ogedegbe.gbano-didi@ncdmb.gov.ng',NULL,14,1,'Staff','Blocked','$2y$10$v296m84OC/b9AmfKUkygLeKnuTmUV.2UqAwmyqzM2z59MHqaPUr3i',1,NULL,NULL,NULL),(134,12154,'THELMA AWELE NNANNA','thelma.nnanna@ncdmb.gov.ng',NULL,14,1,'Staff','Blocked','$2y$10$PLhzT6OE6FmvgOLALT5ilOn39NKHTH0c2JtD3fFUCtHjaLhQzX57e',1,NULL,NULL,NULL),(135,18296,'KAMSELEM MOHAMMED','kamselem.mohammed@ncdmb.gov.ng',NULL,14,1,'Staff','Blocked','$2y$10$DQf/3gSkxK8O7f04/07WUeXgcdhNWtfJNusm5lIvzAQtFxE5Lc4/m',1,NULL,NULL,NULL),(136,12109,'EBIERE EUNICE KPUNPAMO','ebiere.kpunpamo@ncdmb.gov.ng',NULL,14,1,'Staff','Blocked','$2y$10$p9lS1I1D96V7e9ZTCkFiBucwnXtsZRo5Y2EW7C31EMeJ1AA6Y/p.q',1,NULL,NULL,NULL),(137,22386,'KENIYIBO CASH TORUNARIGHA','keniyibo.torunarigha@ncdmb.gov.ng',NULL,3,1,'Staff','Blocked','$2y$10$FKMtJtUzBmzsB0xPwxzRoe62PAO8TqS5gp9/EpPzhldw8pkvcqgKK',1,NULL,NULL,NULL),(138,23436,'NURUDEEN ABUBAKAR JIBRIN','nurudeen.jibrin@ncdmb.gov.ng',NULL,3,1,'Staff','Blocked','$2y$10$Ivi1HRA26eVFXH.iyAJLTe7mJn98a/WhJlizNaSIVH9a5gRhODbLS',1,NULL,NULL,NULL),(139,22389,'WALEED USMAN MUSA','waleed.musa@ncdmb.gov.ng',NULL,3,1,'Staff','Blocked','$2y$10$i25A87gQGYHbRb9MCHRKw.7X2DFWAbM.IOkz1GLfbjRpBqEC.n1r2',1,NULL,NULL,NULL),(140,22349,'OGOCHUKWU HALVIN OKONMAH','ogochukwu.okonmah@ncdmb.gov.ng',NULL,3,1,'Staff','Blocked','$2y$10$rGvajCakMK8L30RVYOvD0eLxPEsr09Ob0KYOAVpjybINVeFIHAs5S',1,NULL,NULL,NULL),(141,22365,'GRACE NGODOO-FATI MAKERI','grace.makeri@ncdmb.gov.ng',NULL,3,1,'Staff','Blocked','$2y$10$TVOZGYqS.T9Ty8tB4N83c.oCs11ybyFDgRMfk49sH1QICZ6MhW07y',1,NULL,NULL,NULL),(142,22413,'BASIRAH JUMAI IBRAHIM','basirah.ibrahim@ncdmb.gov.ng',NULL,3,1,'Staff','Blocked','$2y$10$aNMEN.NvKaOQX98EaqSPWexiDzbCS9HkWhXWOP9gJiesakV.3vicG',1,NULL,NULL,NULL),(143,22424,'BASHIRU OMEIZA ISAH','bashiru.isah@ncdmb.gov.ng',NULL,3,1,'Staff','Blocked','$2y$10$hUOg08S.CbfQOSBbqliQL.kDNDPnUamaStcrelGWQ6FO0AVALB1Ge',1,NULL,NULL,NULL),(144,17276,'ISAAC TEIDUO YALAH','isaac.yalah@ncdmb.gov.ng',NULL,3,1,'Staff','Blocked','$2y$10$dNqZdrwrYio2ocJFRHEaSeIDJ4tO4uSdgURbQYtQZ1gFy2121.52i',1,NULL,NULL,NULL),(145,20314,'OKEZIE UNAGHA','okezie.unagha@ncdmb.gov.ng',NULL,3,1,'Staff','Blocked','$2y$10$gJfn/rMg4jB4So0RxJiD6OxdrOxD.ONcKgt4la4cNMmTMySL4I5n.',1,NULL,NULL,NULL),(146,22357,'PEMIYAK PETRA ZUHUMBEN-IFECHIGHA','pemiyak.zuhumben-ifechigha@ncdmb.gov.ng',NULL,13,1,'Staff','Blocked','$2y$10$APVjWqYQN0JRHrxvTeV/beDUqJ42Gmi.6xSZjgRT9EKGq9/7EfZMi',1,NULL,NULL,NULL),(147,22367,'BOLOUERE ABARI IFIDI','bolouere.ifidi@ncdmb.gov.ng',NULL,13,1,'Staff','Blocked','$2y$10$HefgBndSzPPZRvqPw5ywOeNUBNgdWkTx42O5ugO2mOv5xmBiEdXSe',1,NULL,NULL,NULL),(148,22384,'CHUKWUMA SIMON OLISE ','chukwuma.olise@ncdmb.gov.ng',NULL,13,1,'Staff','Blocked','$2y$10$Ceb2.1VuBmxZurgpBtQ5v.IGdcQc1pXP53ACrtByMgCwxORNQBPbW',1,NULL,NULL,NULL),(149,22399,'AGNES FAVOUR AKOGWU','agnes.akogwu@ncdmb.gov.ng',NULL,13,1,'Staff','Blocked','$2y$10$KYyijDzqFtD4lET1U/dnXOMM1Yyw5JKMb4bwBls5W4JZFd0.fLX8u',1,NULL,NULL,NULL),(150,22426,'CLEMENT JOB WILCOX','clement.wilcox@ncdmb.gov.ng',NULL,13,1,'Staff','Blocked','$2y$10$i4cPBBREEntx.H0LG30o1e9Y.LI2UGKFhsQGEXRVxmngZri/Gg/QW',1,NULL,NULL,NULL),(151,23435,'IBRAHIM ISAH ADAMU','ibrahim.adamu@ncdmb.gov.ng',NULL,13,1,'Staff','Blocked','$2y$10$7GXTx8Yo0rq2qxHjIn4bbuXqxbfILVM.yv4iqMtX1h2iwXQWHc4hm',1,NULL,NULL,NULL),(152,11081,'YARONIN ABI','abi.yaronin@ncdmb.gov.ng',NULL,13,1,'Staff','Blocked','$2y$10$JKIiXYk6STleObDaYBLD/..2SHsMoflT7iW56ubR0r/FwLnWVzhSW',1,NULL,NULL,NULL),(153,11130,'DEBBIE MIENBI ABU','debbie.abu@ncdmb.gov.ng',NULL,13,1,'Staff','Blocked','$2y$10$BAyIfW0OBIdUCrm6q3MNxuwnRpAuvdDbVQD8s0Y4gZTk/nKxRpmVi',1,NULL,NULL,NULL),(154,13208,'AMAM AJEROH','amam.ajeroh@ncdmb.gov.ng',NULL,13,1,'Staff','Blocked','$2y$10$FIde7CJPPQGn5m6waY2OLuE681GFC13ch..h21/u1b/qHTjJQHd1G',1,NULL,NULL,NULL),(155,13213,'ALIYU DANMARA','aliyu.danmara@ncdmb.gov.ng',NULL,13,1,'Staff','Blocked','$2y$10$WTbwtsmQD2nbFMVAIZ3NauoYB4f5eEgpw.gchXGxSZSbUuRYRq7rm',1,NULL,NULL,NULL),(156,14251,'CHIDINMA BESSIE ADIELE','chidinma.adiele@ncdmb.gov.ng',NULL,13,1,'Staff','Blocked','$2y$10$FkxVVbaUS828v0po/yEpb.13IgMo3pr3RV7AiiuUoqG6Qo5smXjEe',1,NULL,NULL,NULL),(157,14241,'JEPHTHAH AYEBAIFE VINCENT','jephthah.vincent@ncdmb.gov.ng',NULL,13,1,'Staff','Blocked','$2y$10$V39SS/k.s7.wXC1s4d2WuuZrQN1ViGuU602lF6qaARqdjbaXm7Ewi',1,NULL,NULL,NULL),(158,13180,'IKENNA JOSEPH UMUNNAKWE','ikenna.umunnakwe@ncdmb.gov.ng',NULL,13,1,'Staff','Blocked','$2y$10$X71KisnhimEtdfcVKJoX.On26x1xVlm3wm3UerUATDWD.JzFL0Pn2',1,NULL,NULL,NULL),(159,17278,'TERHEMBA MAKERI','terhemba.makeri@ncdmb.gov.ng',NULL,13,1,'Staff','Blocked','$2y$10$FJt89T8FOnvgcebfo0Kj.eCKLhL1bpuAw.AGjjmlncYU2jK9IUimO',1,NULL,NULL,NULL),(160,13196,'AYOKOMI AYODABO OSHIN','ayokomi.oshin@ncdmb.gov.ng',NULL,13,1,'Staff','Blocked','$2y$10$r8Ly0UuO06WZRmIZeirLJePqbzRKNKbEB0.7Valln0z1JgUc0mFIu',1,NULL,NULL,NULL),(161,14250,'DORIS OBUTO OPUWARI','doris.opuwari@ncdmb.gov.ng',NULL,13,1,'Staff','Blocked','$2y$10$CITg//uJaH2yiJl2r4KfYOf54JuRllcMZn/u6xP0wYjdm7FCDY9nO',1,NULL,NULL,NULL),(162,11138,'BLESSING IZEGBOYA OKHIEHE','blessing.okhiehe@ncdmb.gov.ng',NULL,13,1,'Staff','Blocked','$2y$10$QD5YMe8AAHZu0nx3QHxnJe0yhVbYF.tPmWJQoZIE.QkngAwY1UWpK',1,NULL,NULL,NULL),(163,11052,'LEKOMA SONIA PHIMIA NWINEH','lekoma.nwineh@ncdmb.gov.ng',NULL,13,1,'Staff','Blocked','$2y$10$co2ZVKSTKtmIFb8ok4mXlu3VAybF9q7IpfjPdln2m64hf1F3NzJP6',1,NULL,NULL,NULL),(164,13203,'USMAN SHEHU MAMUDU','usman.mamudu@ncdmb.gov.ng',NULL,13,1,'Staff','Blocked','$2y$10$tec43dHAasW0jd7vjNuauuKDDrlXkaDb8X1ASLo2nQTX/e0OkD5im',1,NULL,NULL,NULL),(165,12088,'ABIODUN DELE AKINWOMOJU','abiodun.akinwomoju@ncdmb.gov.ng',NULL,15,1,'Staff','Blocked','$2y$10$lyXhVUy/ByYnsSuQ.E8zzes3GYzwBbaKeEq5dC4Zt4PJ1Rot1YExm',1,NULL,NULL,NULL),(166,12147,'PETER ISU ODO','peter.odo@ncdmb.gov.ng',NULL,15,1,'Staff','Blocked','$2y$10$bF0gi7I7MndWzx157PSEc.lkFelk1VIUeKVDI.dREIRoc/4v1bXy.',1,NULL,NULL,NULL),(167,12142,'CHUKWUMA OKEKE-OJIUDU','chukwuma.okeke-ojiudu@ncdmb.gov.ng',NULL,15,1,'Staff','Blocked','$2y$10$GiBXM/6hY44sC0Y6/gJUvu1mSjcxVXHSqjIiKJlxoJjjCzsba/9oS',1,NULL,NULL,NULL),(168,22409,'MUSTAPHA IBRAHIM','mustapha.ibrahim@ncdmb.gov.ng',NULL,18,1,'Staff','Blocked','$2y$10$6lQtWbapg1GPHk3sx8YIfOs16nbk0q64CzsthxDJayvOeM9BpQn6.',1,NULL,NULL,NULL),(169,22397,'BAMIDELE MUKTAR RAJI','bamidele.raji@ncdmb.gov.ng',NULL,18,1,'Staff','Blocked','$2y$10$yZ9ga119o09swsKiqGN6HuBiUMeX9Qt5CR.HNl9vGTiY0zbImfuGO',1,NULL,NULL,NULL),(170,22427,'PATSY EBIKIENMO DEGI','patsy.degi@ncdmb.gov.ng',NULL,18,1,'Staff','Blocked','$2y$10$4yEmxKleftmAHPIIeDp94ORX5d6a8XYGa1K4etcSDSQ0OxtdGLXtS',1,NULL,NULL,NULL),(171,22422,'ZANNA ALI','zanna.ali@ncdmb.gov.ng',NULL,18,1,'Staff','Blocked','$2y$10$KBAQqvcBTgKypY8f7oP8OO1iAsB8G3h6eD2Zvk6upSjNO7Jem4TQi',1,NULL,NULL,NULL),(172,23434,'CHIZOBA EVANGELINE ILODIGWE','chizoba.ilodigwe@ncdmb.gov.ng',NULL,18,1,'Staff','Blocked','$2y$10$HxUvHWfqFp3Fr/lhk69BEuvJ1KVNYPahjF/Ouc8oCosqu35Pclk5S',1,NULL,NULL,NULL),(173,13190,'MERCY BEREDUGO','mercy.beredugo@ncdmb.gov.ng',NULL,18,1,'Staff','Blocked','$2y$10$.q6iKOxA.8qRCGzQ5.OHv.LiKYuf9MrUv86jxQWD94NyTsv8B0B0e',1,NULL,NULL,NULL),(174,11065,'CAPTAIN ADAMA','captain.adama@ncdmb.gov.ng',NULL,18,1,'Staff','Blocked','$2y$10$BIpR2lSm231QMnccgOi1iOuygZLm3jMHjQENn9j3/L.vZIlwXaiJ.',1,NULL,NULL,NULL),(175,12157,'TARILATE TEIDE-BRIBENA','tarilate.teide-bribena@ncdmb.gov.ng',NULL,18,1,'Staff','Blocked','$2y$10$rzJxVLo2624Ggfey8/f9Huo1i2ijWgBs.U0Li0ldEzY0LkoUevxzW',1,NULL,NULL,NULL),(176,19300,'OGHENEKEVWE EMERALD ONOJETA','oghenekevwe.onojeta@ncdmb.gov.ng',NULL,18,1,'Staff','Blocked','$2y$10$TzVobRU0PLIAvRUudf0z8uwcSZg2drhUNm1V2YDwaZPgOA.rRM6Mq',1,NULL,NULL,NULL),(177,19299,'LIVINUS ODU OFFRE','livinus.offre@ncdmb.gov.ng',NULL,18,1,'Staff','Blocked','$2y$10$MFcN6QvtGCcTORePRJqEruQIynbTaKNnU9A2R6iHqqTeoxltYEVBm',1,NULL,NULL,NULL),(178,14263,'MAKERA MAC-INEGITE','makera.mac-inegite@ncdmb.gov.ng',NULL,18,1,'Staff','Blocked','$2y$10$/qscQcInaXCP3iu3ztr4EeRfdzPF0j0hiAnfuyss/XyxBEVJHV0Pe',1,NULL,NULL,NULL),(179,22376,'OLAWALE IDRIS OSHIKOYA','olawale.oshikoya@ncdmb.gov.ng',NULL,1,1,'Staff','Blocked','$2y$10$68eM8YJ3eQ8QWCftf1ANqeRqKJiF7arHpusPGRGZEtE4pSmkdPUz.',1,NULL,NULL,NULL),(180,22372,'EREFAGHA ASERIA KIERISEIYE','erefagha.kieriseiye@ncdmb.gov.ng',NULL,1,1,'Staff','Blocked','$2y$10$OOjXS18phcwpuK9/wCWj9O8LjMnSnQs7X/IZ5RZlHwa6dN/4nI8PO',1,NULL,NULL,NULL),(181,22388,'UCHECHI OJIUGO KAMA','uchechi.kama@ncdmb.gov.ng',NULL,1,1,'Staff','Blocked','$2y$10$G2cNtjYMqsTbkdsEBuxiG.dK3DHwXJWQMMwMEiWV1yTkuiawQvFGS',1,NULL,NULL,NULL),(182,22362,'JOSEPH OLUWASEUN OBAMO','joseph.obamo@ncdmb.gov.ng',NULL,1,1,'Staff','Blocked','$2y$10$RmUZh4VCgqt79TcnMLJWTulFNlygr9O8snABHgneO.ZFAgsMjNdv.',1,NULL,NULL,NULL),(183,22375,'UMAR KAGU ABUBAKAR','umar.abubakar@ncdmb.gov.ng',NULL,1,1,'Staff','Blocked','$2y$10$9F8nIlMfYXzd1iuXVoOGCeyFICZ.e.P9T42lN3mwsLxUZRxG.bsrO',1,NULL,NULL,NULL),(184,22401,'OLUWASEUN EMMANUEL FANIYI','oluwaseun.faniyi@ncdmb.gov.ng',NULL,1,1,'Staff','Blocked','$2y$10$yj.ENpQRQyP2MdGzPJ1EoeGrQ9DP.SHETyf2lf4zNtJ8p4lodT11m',1,NULL,NULL,NULL),(185,13205,'AYODELE OLOYEDE IDOWU','ayodele.idowu@ncdmb.gov.ng',NULL,1,7,'Staff','Blocked','$2y$10$GSCkvh//cHs9.6uu8gxRP./Qd0Zv.eqrozJEXjlQBYkHSPj8VMfvS',1,NULL,NULL,'2023-06-11 09:26:01'),(186,10041,'JERRY OYINNUAH ATABONG','jerry.atabong@ncdmb.gov.ng',NULL,1,1,'Staff','Blocked','$2y$10$G5vt8XxSMw/GwIcZ7zFDreTKBfNQsEvpou2r609tpdczz8/AcSJxS',1,NULL,NULL,NULL),(187,12090,'BRIGHT TORUBENI AMATORU','bright.amatoru@ncdmb.gov.ng',NULL,1,1,'Staff','Blocked','$2y$10$lgW3VA7dJDikGygJca7hMOqV8q4BzzGbAMoFOdAWKwNuHKLTVVl02',1,NULL,NULL,NULL),(188,11128,'BABATUNDE PAUL AKHIHIERO','babatunde.akhihiero@ncdmb.gov.ng',NULL,1,1,'Staff','Blocked','$2y$10$jh/MVeCPSswWMJrGwug/4.t8NUSpcsHH.0Mq/zn99RV9GCFJa3aE6',1,NULL,NULL,NULL),(189,11073,'OLUWAFEMI AJAYI','oluwafemi.ajayi@ncdmb.gov.ng',NULL,1,1,'Staff','Blocked','$2y$10$OfNB.J1iK58mTL3U1LjuGeHovXQGRISCqP9p6r/9ksDWjOrIzFxw6',1,NULL,NULL,NULL),(190,10036,'OLADELE ROBERT BUKI','oladele.buki@ncdmb.gov.ng',NULL,1,1,'Staff','Blocked','$2y$10$hbCU9FkYRfVtq35ww6qvb./SDQZ58GAmrsdHnAji4bYgLYiUTpBcC',1,NULL,NULL,NULL),(191,11050,'CHRIS OBINNA OSUJI','chris.osuji@ncdmb.gov.ng',NULL,1,1,'Staff','Blocked','$2y$10$5qQeI/3HjY7uwnW2DurXsuO3xN.hurvwzuVs2RcVxTpimKpb5tA1O',1,NULL,NULL,NULL),(192,13201,'LEVI UCHENNA ONYEKAONWU','levi.onyekaonwu@ncdmb.gov.ng',NULL,1,1,'Staff','Blocked','$2y$10$tLrHsUoO0WzT4g54FitklOJn0sAAXpqyM1VreMII1vrvHlQnggdiq',1,NULL,NULL,NULL),(193,20312,'ANDY JISU','andy.jisu@ncdmb.gov.ng',NULL,1,1,'Staff','Blocked','$2y$10$xGv1wxklTRRZm5f7ILxOmOd9Wx23zNrxSFuh/k0dc/nrCP93/aGeS',1,NULL,NULL,NULL),(194,22411,'FAISAL YUNUSA IBRAHIM','faisal.ibrahim@ncdmb.gov.ng',NULL,5,1,'Staff','Blocked','$2y$10$7J./TZ/FtvoXiUd.pW.ZCed5z3E/O03xhIUJvYfjqGMY0p9d6LuGi',1,NULL,NULL,NULL),(195,22356,'BRILLIANT EMMANUEL OKON','brilliant.okon@ncdmb.gov.ng',NULL,5,1,'Staff','Blocked','$2y$10$XtaLzfA6taLxRwGJpMwG7ecNpRZiIgBrnhc0cPXulRW2Nn2GZEL1G',1,NULL,NULL,NULL),(196,22420,'PEREKEBENA TONLAGHA OWEIYEIGHA','perekebena.oweiyeigha@ncdmb.gov.ng',NULL,5,1,'Staff','Blocked','$2y$10$0QngJarrbeOMh1ornhFddO.49pBQg.huxtC1O7OLSJw/VKgFrZPJ.',1,NULL,NULL,NULL),(197,22341,'TAHIR AMINU','tahir.aminu@ncdmb.gov.ng',NULL,5,1,'Staff','Blocked','$2y$10$ZxZaCtDzR2R/jN8yWJR5TuhYoDyGtStSvd/WztkXjuQN89auorS3S',1,NULL,NULL,NULL),(198,22361,'AHMAD RUFAI MUHAMMAD','ahmad.muhammad@ncdmb.gov.ng',NULL,5,1,'Staff','Blocked','$2y$10$zgDqejyKp5AtwW/SCT4yeOmZLS2TCtRqagUJz6.QpMhJuAuqVrRcC',1,NULL,NULL,NULL),(199,22347,'RAPHAEL ODIKPO OKEKE','raphael.okeke@ncdmb.gov.ng',NULL,5,1,'Staff','Blocked','$2y$10$dfdlEY8J0FRAdFtJaTxnte6qFrVeTgwlr.oyixejCryYOYhwPno42',1,NULL,NULL,NULL),(200,22354,'FOLAKE OMOWUNMI ABEGUNDE','folake.abegunde@ncdmb.gov.ng',NULL,5,1,'Staff','Blocked','$2y$10$UHNzy4NSgf4ZgDJu592Ziu5vhIRBKAvQMk8/diXLibtDQRso3tpAu',1,NULL,NULL,NULL),(201,22352,'ENDURANCE ONYENWEUWA NWADOZIOKWU','endurance.nwadoziokwu@ncdmb.gov.ng',NULL,5,1,'Staff','Blocked','$2y$10$tbLotjNt3GIglVxzEpQTjumB7AumhUB79qU.SHNEgZvCBn.QzHewC',1,NULL,NULL,NULL),(202,11116,'KHADIJAH JEKHINE','khadijah.jekhine@ncdmb.gov.ng',NULL,5,1,'Staff','Blocked','$2y$10$tFFZieypg4XGBiCb0hcA4eycIhFJclA5HFas5Tj3kWeHdHqRg/DVy',1,NULL,NULL,NULL),(203,10025,'JEFFERSON TUATONGHA','jefferson.tuatongha@ncdmb.gov.ng',NULL,5,1,'Staff','Blocked','$2y$10$VQrC8a6.0QJS0hX6zCafWezVI8NrLwGkmUobFFDInGDi10QsKl6CS',1,NULL,NULL,NULL),(204,20310,'TEDDY INEIKIDOU BAI','teddy.bai@ncdmb.gov.ng',NULL,5,1,'Staff','Blocked','$2y$10$RPoiSG/Rs2x.JbVOPveVXOyzAX/S3TNWm2gTlOQsBbvKITyUwjiyy',1,NULL,NULL,NULL),(205,12145,'COLLINS OBIORA IFEKA','collins.ifeka@ncdmb.gov.ng',NULL,5,1,'Staff','Blocked','$2y$10$wD9U5/aUxdHkKXgPsraYPeqh/138YqQWOS4roT0ilu11sSCubh.DW',1,NULL,NULL,NULL),(206,20322,'IBRAHIM SULE','ibrahim.sule@ncdmb.gov.ng',NULL,5,1,'Staff','Blocked','$2y$10$a6.oLz2MqPsDXKIMq4IngeCTqb/WuGMvbhd5NAubZCwQVy2qbLL3C',1,NULL,NULL,NULL),(207,12144,'SOLOMON ATTAH','solomon.attah@ncdmb.gov.ng',NULL,5,1,'Staff','Blocked','$2y$10$FkdHczrlsU//5NYAS4FiAOskMcypnMCgNfn6Lczoc3Ve/xZ6wk9OG',1,NULL,NULL,NULL),(208,12106,'JAMES ORITSEMATOSAN EYETIGHA','james.eyetigha@ncdmb.gov.ng',NULL,5,1,'Staff','Blocked','$2y$10$5j0Q6rHVLV5MOLFyQs7PSekzoFMVpCqI1mDAQXAqRBu30DqD4NojC',1,NULL,NULL,NULL),(209,14232,'EWHRUDJAKPO PETER','ewhrudjakpo.peter@ncdmb.gov.ng',NULL,5,1,'Staff','Blocked','$2y$10$VNMWrgMn1/DUCCHDxxgvkeybxJAP1fAD8adw.7evv8TtvrieCZjo2',1,NULL,NULL,NULL),(210,13184,'RACHAEL PEREERE EJINDU','racheal.ejindu@ncdmb.gov.ng',NULL,5,1,'Staff','Blocked','$2y$10$XcsBG/mkw5pxeej00B9k9.0f9uE5mePBrRIzSTwd3Hw3QR6wqDW5K',1,NULL,NULL,NULL),(211,11126,'EMMANUEL EDACHE ABAKPA','emmanuel.abakpa@ncdmb.gov.ng',NULL,5,1,'Staff','Blocked','$2y$10$vx6jeuYO5vKIakBRzyy96unwOarB1lYFP2xxItu1mVeSVxfDWrnPa',1,NULL,NULL,NULL),(212,13211,'MUSTAPHA ABDULLAHI','abdullahi.mustapha@ncdmb.gov.ng',NULL,5,1,'Staff','Blocked','$2y$10$hp64JLDtfJwZNTGH0JKAT.izVIDjWoV37qW1zrjZsFfj9UT9er7pS',1,NULL,NULL,NULL),(213,14254,'ISMAIL ABUBAKAR','ismail.abubakar@ncdmb.gov.ng',NULL,5,1,'Staff','Blocked','$2y$10$MRY63B.HcBZRpVfcc3S1P.SQg6XejHVeBiaFhYQRI04Dr8FiPbVN.',1,NULL,NULL,NULL),(214,13206,'BRIAYE AMIEKUMO','braiye.amiekumo@ncdmb.gov.ng',NULL,5,1,'Staff','Blocked','$2y$10$tnnif5DvLVfLogE5QVU7xOWXUt85WU9W4pv64IdWQmooYW0bYQy52',1,NULL,NULL,NULL),(215,13170,'ALEXIS BOSEDE EMELLE','alexis.emelle@ncdmb.gov.ng',NULL,5,1,'Staff','Blocked','$2y$10$nqTMtaFcvhyM7HeVT/WBDeY9mLfwLT8GmSIDpKGYmHO208NWyASb.',1,NULL,NULL,NULL),(216,11061,'AHMED BASHIR','ahmed.bashir@ncdmb.gov.ng',NULL,5,1,'Staff','Blocked','$2y$10$X4OWa6i4bXra4h7t90vbtuG05nHKUxjl7/Q/JDdgiDTjtp.S1HpIa',1,NULL,NULL,NULL),(217,14219,'BATHOLOMEW ALOZIE','bartholomew.alozie@ncdmb.gov.ng',NULL,5,1,'Staff','Blocked','$2y$10$4xMijkQTxScpLC0nvLB5uOpWqfX2VN63NmbOTCpUZOqI.dLIpaFp6',1,NULL,NULL,NULL),(218,11122,'UWEM BASSEY','uwem.bassey@ncdmb.gov.ng',NULL,5,1,'Staff','Blocked','$2y$10$QtYe.2oeSlsbozTMGzJ3r.GudmIFDy3J/qvboQgA2xlSeOVUrGPLa',1,NULL,NULL,NULL),(219,20306,'AYOTUNDE OLUMIDE BANJO','ayotunde.banjo@ncdmb.gov.ng',NULL,5,1,'Staff','Blocked','$2y$10$uqZN9e04.7lctnHFrgsuc.5h5rM31/GECeNmts5g4UI41CQsmS.9a',1,NULL,NULL,NULL),(220,13200,'ADERIBIGBE AYODEJI ADEDAMOLA','aderibigbe.adedamola@ncdmb.gov.ng',NULL,5,1,'Staff','Blocked','$2y$10$plQnqYret8kugmSWUN2adOlJAByUhLg/CoyRGuEhnvM1.84NVwD22',1,NULL,NULL,NULL),(221,12165,'AKINTUNDE ADELANA','akintunde.adelana@ncdmb.gov.ng',NULL,5,1,'Staff','Blocked','$2y$10$kmD/AOS1ov8O1IVVWx7I/udJFcikQDsqfsU3y9E6DEQCToiRvVinq',1,NULL,NULL,NULL),(222,11055,'CITYFAITH BARIBO ZORASI','cityfaith.zorasi@ncdmb.gov.ng',NULL,5,1,'Staff','Blocked','$2y$10$bjuWVs9j6zhDB3hC8fgpte4JxtlLDVpPrJpxRpoG3x8Txw5FBZJzy',1,NULL,NULL,NULL),(223,13175,'AMANDA SEIGHA YEKOROGHA','amanda.yekorogha@ncdmb.gov.ng',NULL,5,1,'Staff','Blocked','$2y$10$G/gpsfLDkGfAIVnN4t2gZufpGAMhz3wfv3MpZizRbRDA3eQacryXe',1,NULL,NULL,NULL),(224,13212,'WARITIM OBUDUO PIUS','waritimi.pius@ncdmb.gov.ng',NULL,5,1,'Staff','Blocked','$2y$10$HyA5dZHpu0SuXT690tjkse.i/80p2dh79JMzUjI5yTnaUNDpdUe3a',1,NULL,NULL,NULL),(225,13183,'UMEANYA EMMANUEL','umeanya.emmanuel@ncdmb.gov.ng',NULL,5,1,'Staff','Blocked','$2y$10$mPviBi4WKG8N.b9INFXGPOKliCdonOdF9NkVDYzg46snM.MzGostu',1,NULL,NULL,NULL),(226,12156,'TASSALLAH TERSUGH','tassallah.tersugh@ncdmb.gov.ng',NULL,5,1,'Staff','Blocked','$2y$10$vULPnuk4HcswkBS9MDlvCOUIi/Ms4pSoks2sPEM8t897pCSU6eJJO',1,NULL,NULL,NULL),(227,14262,'MARTHA STEPHEN EBIBAI','martha.ebibai@ncdmb.gov.ng',NULL,5,1,'Staff','Blocked','$2y$10$PBTHABcSYa2AwjcqUSARhei5FVnnNmjb2dkwJzJAvnTBRQpatW.Wy',1,NULL,NULL,NULL),(228,12151,'NANDER NANCWAT SALMWANG','nander.salmwang@ncdmb.gov.ng',NULL,5,1,'Staff','Blocked','$2y$10$pDcZ9wz2VjR1VwPTfb927uBOkPAeGJ9AySrfQ9R8ktafTexc/B2ui',1,NULL,NULL,NULL),(229,14257,'EMMANUEL PAULKER UMEME','emmanuel.umeme@ncdmb.gov.ng',NULL,5,1,'Staff','Blocked','$2y$10$eoBgWOUEgYfXUJm8zVfGd.1lc7h6d6yrY4OFbuZy2j9XVXuMfcEZW',1,NULL,NULL,NULL),(230,13187,'OZOH CHIDIEBERE KINGSLEY','ozoh.kingsley@ncdmb.gov.ng',NULL,5,1,'Staff','Blocked','$2y$10$sOgXXPXudW6DEe1qsPsrAuZtYZbE58v/zt/bkWn0kbi85PWfP/8QW',1,NULL,NULL,NULL),(231,12110,'GRACE KEVIN OFONGO','grace.wilson@ncdmb.gov.ng',NULL,5,1,'Staff','Blocked','$2y$10$aftlnQnoymuN.cseJqn/O.xjQd5xLNvrkSmEp/ebTAexQgI4ejexW',1,NULL,NULL,NULL),(232,11053,'NNOLI CHINYELU','nnoli.chinyelu@ncdmb.gov.ng',NULL,5,1,'Staff','Blocked','$2y$10$LBJV6IZD.PO5vSTjFlHw2.6UwIXgZPh9OTcFCPcthGAnoZMWVg8Oi',1,NULL,NULL,NULL),(233,11070,'AHMED NDAMAN MOHAMMED','ahmed.mohammed@ncdmb.gov.ng',NULL,5,1,'Staff','Blocked','$2y$10$QkW4pusJMePqqDOCALgWbehZNfYRdVTugN.qL/gCczWjsDsgPTWEy',1,NULL,NULL,NULL),(234,12149,'KOPIAM ADIKE','kopiam.adike@ncdmb.gov.ng',NULL,5,1,'Staff','Blocked','$2y$10$beMIV4sAug5RVpqxsA7Xjui4D6E2y9z7W.FsenxgTDJ02G0qLST0y',1,NULL,NULL,NULL),(235,14238,'ESUEME DAN KIKILE','esueme.kikile@ncdmb.gov.ng',NULL,5,1,'Staff','Blocked','$2y$10$0EvjTC7snHTUNLWQHoZpiemtqkIrVcd1YAbrVlsbKA1iMgFSEGBBW',1,NULL,NULL,NULL),(236,22383,'IYESOMI ALEXANDRA IMOMOH','iyesomi.imomoh@ncdmb.gov.ng',NULL,11,1,'Staff','Blocked','$2y$10$wLw/ggmf1T57QIfOCVoQDeahQKyanTn8sLpDyBwF6IZ0k1ZzapvEC',1,NULL,NULL,NULL),(237,22368,'MELVIN NNAMDI OHAERI','melvin.ohaeri@ncdmb.gov.ng',NULL,11,1,'Staff','Blocked','$2y$10$TYKQAF1vSiGFaSyniuCiO.htNrl1gg0WVaX1ywY7hbdUXaTA0z7SC',1,NULL,NULL,NULL),(238,11062,'JAMES CHUKWUKA EZEDIMBU','james.ezedimbu@ncdmb.gov.ng',NULL,11,1,'Staff','Blocked','$2y$10$zSqrFNOJIMOJcTgSTkuQFucdO/0EKf24hqT1LbjWskjV5NiN38Fra',1,NULL,NULL,'2023-06-01 08:06:51'),(239,18288,'FATEEMAH BASHIR MOHAMMED','fateemah.mohammed@ncdmb.gov.ng',NULL,11,1,'Staff','Blocked','$2y$10$dpe63Alk7b/vehainBwEZOaQz67w51LhcOu/slOrCiG2gohxwrgTG',1,NULL,NULL,NULL),(240,12092,'EREFAGHA JOHNNIE TURNER','erefagha.turner@ncdmb.gov.ng',NULL,11,1,'Staff','Blocked','$2y$10$A7Sg/Agr9Zpe/hNf6Qn6Veo7b6Vv6Gpupwav.ntPOHArt4QYBYrOa',1,NULL,NULL,NULL),(241,11076,'UTIBE FRANK OGBODU','utibe.ogbodu@ncdmb.gov.ng',NULL,11,1,'Staff','Blocked','$2y$10$NPhVKCWnzUNHYLgVk6.WlejacbPEdbZuezXVdPpdR.6Y2BNznazcy',1,NULL,NULL,NULL),(242,11068,'OBINNA AUGUSTINE OFILI','obinna.ofili@ncdmb.gov.ng',NULL,11,1,'Staff','Blocked','$2y$10$J/6PdpuSs4ASxmF.PIAMUeIhxD1Kk.vlG1Gk.66kA4NNtRJQvI8/G',1,NULL,NULL,NULL),(243,22398,'TOLUWASE OPEOLUWA ABIKEHIN','toluwase.abikehin@ncdmb.gov.ng',NULL,8,1,'Staff','Blocked','$2y$10$jE/nxIwTqv6/YarMQfRdyeMc1DALoYgamCnUY0KmU79G5GaJR4Rzm',1,NULL,NULL,NULL),(244,22385,'JULIAN ONYEKACHI UDOGWU','julian.udogwu@ncdmb.gov.ng',NULL,8,1,'Staff','Blocked','$2y$10$XnzXYO/HeMHB5EarM8MHwuxFgjgft7oJnEwKe31JthXv7AEi3QyhC',1,NULL,NULL,NULL),(245,22343,'ABUBAKAR LAWAL MUSA','abubakar.musa@ncdmb.gov.ng',NULL,8,1,'Staff','Blocked','$2y$10$U0HpH/otDokf/Dc4OC/XiumNmDwjcAcC9MtVLyqZRvGhPEG1J.YUC',1,NULL,NULL,NULL),(246,22395,'ANITA IPAGA','anita.ipaga@ncdmb.gov.ng',NULL,8,1,'Staff','Blocked','$2y$10$iqT8UvexRPK6QnqN/4AtE.TKE1HAhvRnqUIgo1i9lnoTUKrM/hMFe',1,NULL,NULL,NULL),(247,22350,'DIEPREYE ONGOKUROMO YABRIFA','diepreye.yabrifa@ncdmb.gov.ng',NULL,8,1,'Staff','Blocked','$2y$10$ixJZYtEH50ZSbGtgF8uzsukFhgxFbPnZJMzAuRL.Bty3quhuYxRIC',1,NULL,NULL,NULL),(248,22428,'BIENIMIGHE GERESORI','bienimighe.geresori@ncdmb.gov.ng',NULL,8,1,'Staff','Blocked','$2y$10$aL12WVK7HqziT14o2ixVUuSNj7H3Hq.4h5JqgcbiOoJtjIJH6Lnn6',1,NULL,NULL,NULL),(249,22423,'VICTOR JIBRIN NABASU','victor.nabasu@ncdmb.gov.ng',NULL,8,1,'Staff','Blocked','$2y$10$LSbMxRMpcoHi4HGG6IvQDOEAHgHovy6VtuBEHNaAY6/JAF6UINosG',1,NULL,NULL,NULL),(250,22369,'INEMOTIMI NYANANYO','inemotimi.nyananyo@ncdmb.gov.ng',NULL,8,1,'Staff','Blocked','$2y$10$MPy9He6QLjKvi0mC0YWAyeuC81Qb3n7mT5oCviFLjOiL2UycTZy1C',1,NULL,NULL,NULL),(251,13216,'GODWIN YOUNG','godwin.young@ncdmb.gov.ng',NULL,8,1,'Staff','Blocked','$2y$10$RUv9sarl9IzrRdemceor6O6GfadkF0ASEyfpTHmJ/eMbernCODj1y',1,NULL,NULL,NULL),(252,14220,'GODFREY DEMEYIN','godfrey.demeyin@ncdmb.gov.ng',NULL,8,1,'Staff','Blocked','$2y$10$kgVXZdEhpKVHlBd8H4GwXO8zpzC8VteR7qTN1tWm.Zdvc2fv8txRC',1,NULL,NULL,NULL),(253,10014,'OKEY EGBUTA','okey.egbuta@ncdmb.gov.ng',NULL,8,1,'Staff','Blocked','$2y$10$vugBUmS5Kw25zbM7kysPkeNaUt1r4InpyLecuciEClkge4/D4BtKi',1,NULL,NULL,NULL),(254,14221,'DOKUBO OBONGO','dokubo.obongo@ncdmb.gov.ng',NULL,8,1,'Staff','Blocked','$2y$10$mXTVQC.MLS33inZbYbZ.T.8gWyR3ymBQcUpwTOqoHD.vr/yoxTumm',1,NULL,NULL,NULL),(255,14231,'WALTER GODWIN ASUKWO','walter.asukwo@ncdmb.gov.ng',NULL,8,1,'Staff','Blocked','$2y$10$FPK3UYS8UOMBdCwP8PNyB.5Biof6b0JSAdPTcwGjhCex4/.PDZj8u',1,NULL,NULL,NULL),(256,11121,'MOSES ANYAMA','moses.anyama@ncdmb.gov.ng',NULL,8,1,'Staff','Blocked','$2y$10$4JVApHs5M5k5FZdIuLwPTOCeUoLtU/hdaZE/ilkf1r5TuBGCEq50a',1,NULL,NULL,NULL),(257,12159,'OPEYEMI IBRAHIM AMBALI','opeyemi.ambali@ncdmb.gov.ng',NULL,8,1,'Staff','Blocked','$2y$10$LOGlB//JugOn4Xpxq5QzeOF9MxEIW1Xo2iRvrWN.jm6B0cN2zsZkG',1,NULL,NULL,NULL),(258,12139,'DAVID AGAMINI','david.agamini@ncdmb.gov.ng',NULL,8,1,'Staff','Blocked','$2y$10$YHXl.qxacv.3IIiDg6PJHe7wrjg5Y8nn5idafdMb4FBdHbqL8vmqS',1,NULL,NULL,NULL),(259,10018,'ADEWALE ADENUGBA','adewale.adenugba@ncdmb.gov.ng',NULL,8,1,'Staff','Blocked','$2y$10$X/8H0UlIlkcRsZkc73gVu.j7b/f9ObKjCtxUSOLVwSd46atJd04F6',1,NULL,NULL,NULL),(260,10007,'PAUL DANIEL ZUHUMBEN','paul.zuhumben@ncdmb.gov.ng',NULL,8,1,'Staff','Blocked','$2y$10$KjpjTV/E65/QaxNghbuHG.Vu2Qh/pla4mPk3e43Uc3bMQitPmBaQa',1,NULL,NULL,NULL),(261,14240,'BOMA BLACKDUKE TORTY','boma.torty@ncdmb.gov.ng',NULL,8,1,'Staff','Blocked','$2y$10$oq3jN4KVQO8OFSzzovI0VexsyVvFthwts65zdzEvvgrkKB32ca7..',1,NULL,NULL,NULL),(262,12148,'MINABAI REX-OGBUKU','minabai.rex-ogbuku@ncdmb.gov.ng',NULL,8,1,'Staff','Blocked','$2y$10$hWAyMg3cL2ECvNSDZ86B5eZmmOop9qORUFHXCAcsq8hcqWOr3VAm6',1,NULL,NULL,NULL),(263,12094,'SELEKE-ERE OWOUPELE','seleke-ere.owoupele@ncdmb.gov.ng',NULL,8,1,'Staff','Blocked','$2y$10$E.820pGMShwiSE2W21/gM.IEG.WRRXLB2bujNLY3hi.Ac.GtWxPSW',1,NULL,NULL,NULL),(264,20318,'CHUKS PETER ONYEMAKONOR','chuks.onyemakonor@ncdmb.gov.ng',NULL,8,1,'Staff','Blocked','$2y$10$.uhUDzaLPWoreNbcQd3h4O4RPnxIBNQ2OYzeONQcfbKuPCuwpzubO',1,NULL,NULL,NULL),(265,13191,'OYAKE MEAGBEGHA EBIYE','oyake.ebiye@ncdmb.gov.ng',NULL,8,1,'Staff','Blocked','$2y$10$KVQkSPM//p4iX1ysW5FNbOzKsUguWSfdso2Y8qMxkGBDFVpu5R8Vi',1,NULL,NULL,NULL),(266,12098,'UCHENNA FIDELIS OKAFOR','uchenna.okafor@ncdmb.gov.ng',NULL,8,1,'Staff','Blocked','$2y$10$Wb1OaTVTwyKMBdGZ/xyn2O1Tv1hvtKC5KnocSJ1xZuUaWkeJ5HP2C',1,NULL,NULL,NULL),(267,14244,'ELVIS ADIMIE OGEDE','elvis.ogede@ncdmb.gov.ng',NULL,8,1,'Staff','Blocked','$2y$10$kYecfKTN.1JJVLvvr0.h5.nRtlVR4iQ1yo/OQDB99xYTYhRlfbzE.',1,NULL,NULL,NULL),(268,12150,'MABEL DADDY OBONIN','mabel.obonin@ncdmb.gov.ng',NULL,8,1,'Staff','Blocked','$2y$10$W6htYxmKMk5kL/S4n55I2O1VWOa6xKNAxck44xNX4TT9tE/tbZl9G',1,NULL,NULL,NULL),(269,12105,'SAMPSON MAMUNGHA EREFA','sampson.erefa@ncdmb.gov.ng',NULL,8,1,'Staff','Blocked','$2y$10$C1NZwx9xwyh2VZsqPQ6NMuv2muMazfUzaurHVZvTKShtrueh4cz3W',1,NULL,NULL,NULL),(270,12138,'MIKIETUONISO KIO','mikietuoniso.kio@ncdmb.gov.ng',NULL,8,1,'Staff','Blocked','$2y$10$McIgHSuIXbY8RXGA5TFrdedgUEbgYadY8hilqUSD2LBXjHfvDuFey',1,NULL,NULL,NULL),(271,22358,'EMMANUEL CHARLES OPUWARI','emmanuel.opuwari@ncdmb.gov.ng',NULL,19,1,'Staff','Blocked','$2y$10$skTpJWnvTM3Ra1/kpQpb2ulez/WJwJ4PQOD6HGcJ4tJUVyfDj1p0O',1,NULL,NULL,NULL),(272,22381,'OYINKURO GOODNEWS MICAH','oyinkuro.micah@ncdmb.gov.ng',NULL,19,1,'Staff','Blocked','$2y$10$SE6eLp4eYZ/KbEIqdicrROKwyIfjcOO3HHJgzRNtcwgxulYRoSq.e',1,NULL,NULL,NULL),(273,22431,'ALIYU WAZIRI','aliyu.waziri@ncdmb.gov.ng',NULL,19,1,'Staff','Blocked','$2y$10$.8gxDw4lpArLkKLjNmHchuohQp.kVTQK2FiWUOUQb8Wg62q8fzaxK',1,NULL,NULL,NULL),(274,22387,'UCHECHUKWU GEOFREY NWANDU','uchechukwu.nwandu@ncdmb.gov.ng',NULL,19,1,'Staff','Blocked','$2y$10$sV/Zb157POS.iRxFwBWBwuzlwg4GR/qpL9J6u9/49tZVT5SU7pA3y',1,NULL,NULL,NULL),(275,11057,'IDUMOM IZEIN','idumom.izein@ncdmb.gov.ng',NULL,19,1,'Staff','Blocked','$2y$10$aUFMSNOFG.qTtm1v7qWvFuy/A0naEnsTf8kZqj6AYse5.nCbhl9UW',1,NULL,NULL,NULL),(276,11129,'USMAN GARBA','usman.garba@ncdmb.gov.ng',NULL,19,1,'Staff','Blocked','$2y$10$n3RdRqdK7v1i0wY5UjA/Euc8hCXUYN0csxziMX8i1r6PRilo8z60e',1,NULL,NULL,NULL),(277,12099,'OLUWATOSIN SAMUEL AFOLABI','oluwatosin.afolabi@ncdmb.gov.ng',NULL,19,1,'Staff','Blocked','$2y$10$597n5ylV/Bu/LDCfJA4NBuqBkd2zVsTM70P8ENUbFR.J0Tvc2zjRG',1,NULL,NULL,NULL),(278,13181,'EMMANUEL BALA YUSUF','emmanuel.yusuf@ncdmb.gov.ng',NULL,19,1,'Staff','Blocked','$2y$10$RiZqDe56zJXce8aYd/DY7usqDFYrlkwadfLAEkj0EdmlAhc1n0dey',1,NULL,NULL,NULL),(279,11063,'KINGDOM UNWENE','kingdom.unwene@ncdmb.gov.ng',NULL,19,1,'Staff','Blocked','$2y$10$rEp9xtVaTjz1D6KUMk0fSO1R7Rs35INCySxV42mAVHP6LkzQTRd8W',1,NULL,NULL,NULL),(280,15267,'PRUDENCE AKUDO GIFT','prudence.gift@ncdmb.gov.ng',NULL,19,1,'Staff','Blocked','$2y$10$GqBzBiRUqTls5cUL.Ng6G.dugoptZ0BoWtAlGPhe.HhzUZDBFs5vi',1,NULL,NULL,NULL),(281,22373,'JENNIFER AMISOPURA GOODIE-OKIO','jennifer.goodie-okio@ncdmb.gov.ng',NULL,6,1,'Staff','Blocked','$2y$10$WX./MpN9n9NW2SgZWN3XP.OfzlD1gttjMibgJ2cy8m6sr1t25nwru',1,NULL,NULL,NULL),(282,22406,'AYEBATONYE MARTTYNS EPEMU','ayebatonye.epemu@ncdmb.gov.ng',NULL,6,1,'Staff','Blocked','$2y$10$GUbK9ooU0/JOmpUJDDdFPu05FH4K52nKV3yd5khyvGUQOgavL4RX.',1,NULL,NULL,NULL),(283,22351,'CHIOMA ADIKANKWU','chioma.adikankwu@ncdmb.gov.ng',NULL,6,1,'Staff','Blocked','$2y$10$MSuooHr0LvCXYfKkfX4/3ulEGK0/5ip0gHSEWVv5V1OQwurszKoHy',1,NULL,NULL,NULL),(284,22403,'SALIM OLABAMIJI DIMLA','salim.dimla@ncdmb.gov.ng',NULL,6,1,'Staff','Blocked','$2y$10$uwI4l/Ch.QOqNB/72WMSGuTQyOmzxVCcI17VsvJqWTLavGYvfpgFm',1,NULL,NULL,NULL),(285,22359,'EBIPRE FRED BOUBAI','ebipre.boubai@ncdmb.gov.ng',NULL,6,1,'Staff','Blocked','$2y$10$I4y8dMCdGoUPGFWAR9uVAeGdIauG.YtoVzsQJrM5qsB.AFp9b6xoi',1,NULL,NULL,NULL),(286,22378,'ABDULLAZIZ CHINDAYA','abdullaziz.chindaya@ncdmb.gov.ng',NULL,6,1,'Staff','Blocked','$2y$10$xLMQnQoFWG0H1Pcadzj85ebcZLMVMndycdQfZ2z5a9YabIRPH7bVu',1,NULL,NULL,NULL),(287,22344,'USMAN AMINU IDRIS','usman.idris@ncdmb.gov.ng',NULL,6,1,'Staff','Blocked','$2y$10$4x3qyNcp1pc4iF6rqFG/UOq.JRKeZs.k4uZ8WvJ9EUkIGRXcdA6DK',1,NULL,NULL,NULL),(288,22391,'CHIAMAKA LAURA AFOEKELU','chiamaka.afoekelu@ncdmb.gov.ng',NULL,6,1,'Staff','Blocked','$2y$10$VJe/RvffkowhUNI85AozT.KUkFp4h5Vb34oDGJv5uea98R/cGwUbu',1,NULL,NULL,NULL),(289,22429,'ALEXANDER ENAH EKPERE','alexander.ekpere@ncdmb.gov.ng',NULL,6,1,'Staff','Blocked','$2y$10$o5hKZ1OA0KxIXyseUdnYV.xW1xcZInya66jyMAT0U7w8b/P7W.EJS',1,NULL,NULL,NULL),(290,22410,'ISMAIL TAHIR MAMMAN','ismail.mamman@ncdmb.gov.ng',NULL,6,1,'Staff','Blocked','$2y$10$paoMub8BeWXAJkGDGJV1fudzQH1Ds5PCciz4aVIUZmiqd6NZ9hzLa',1,NULL,NULL,NULL),(291,22396,'AMINU GARBA','aminu.garba@ncdmb.gov.ng',NULL,6,1,'Staff','Blocked','$2y$10$LRVYw.UTjWV2KdMZTsT5ZuR9nA3KnX4EJIt6yDKCb90Mn3JP9b7ri',1,NULL,NULL,NULL),(292,12091,'CHIOMA MAUREEN ISIGUZO','chioma_ikenna.isiguzo@ncdmb.gov.ng',NULL,6,1,'Staff','Blocked','$2y$10$7MydyJqVRtLqhXw4IEb0D.UKcGI4W7LaWpJSF1EADcBw/DwyP5MG.',1,NULL,NULL,NULL),(293,11069,'ENE ETTE','ene.ette@ncdmb.gov.ng',NULL,6,1,'Staff','Blocked','$2y$10$cnC1a3z.Fuujd3snJQTgDuYLQgt3lSlR0rg05k.FhNIcwrPSiFffi',1,NULL,NULL,NULL),(294,11066,'ABDULMALIK HALILU','abdulmalik.halilu@ncdmb.gov.ng',NULL,6,1,'Staff','Blocked','$2y$10$6ykjatwRml73sNazfrI2KOJ4fLl4BSiaND/yv/.w3kgkMQ/o783i6',1,NULL,NULL,NULL),(295,14225,'ABISOYE AKINLADE','abisoye.akinlade@ncdmb.gov.ng',NULL,6,1,'Staff','Blocked','$2y$10$SiaOBuNbJHfCjp.6u2hdDeZ1iHsRaZ2FY6ZVkqP.ap5P3mCGz/8zC',1,NULL,NULL,NULL),(296,14255,'ARIKEWUYO UMAR KAYODE','arikewuyo.kayode@ncdmb.gov.ng',NULL,6,1,'Staff','Blocked','$2y$10$vlv3QPM0u6lRkdXC5rM80.HTrQjy1SGWE7OGT3bbQLfpSbFHXDlba',1,NULL,NULL,NULL),(297,14237,'WILLIAM JOSHUA ARIKEKPAR','william.arikekpar@ncdmb.gov.ng',NULL,6,1,'Staff','Blocked','$2y$10$G6FTKkGGIpg3hJvVi2fJceylVnsIFZOAHLEP7rEloaXklLbsRlb9u',1,NULL,NULL,NULL),(298,11058,'ANJIKWI YUSUF','anjikwi.yusuf@ncdmb.gov.ng',NULL,6,1,'Staff','Blocked','$2y$10$xP361LeZXQdMBNPzfDigO.X4P0tT/rnDPPr6E9s6JvAiEbyTaJDlu',1,NULL,NULL,NULL),(299,11115,'CHUKWUDI IFEANYI ANIAGUDO','chukwudi.aniagudo@ncdmb.gov.ng',NULL,6,1,'Staff','Blocked','$2y$10$PhzPZt2Ow9TSBGK.J4Um1enhIP0ReHlzG3CJtFs8O5sJujijBMpaS',1,NULL,NULL,NULL),(300,13173,'OMOMEHIN SILAS AJIMIJAYE','omomehin.ajimijaye@ncdmb.gov.ng',NULL,6,1,'Staff','Blocked','$2y$10$HGr8jDiEaMr.aa5QH8xFeuYBo7uIM9n2xD106.bBNMHMXyLmkynda',1,NULL,NULL,NULL),(301,21001,'DONBEBE WANKASI','donbebe.wankasi@ncdmb.gov.ng',NULL,6,1,'Staff','Blocked','$2y$10$saLc7nnqgGLKySE.ZlqEruZFYfxwdSQO2hswgAsQztk.2ckBPCSpu',1,NULL,NULL,NULL),(302,13185,'CHINEDU CHIDI IKEJIANI','chinedu.ikejiani@ncdmb.gov.ng',NULL,6,1,'Staff','Blocked','$2y$10$G3EdmgvVa0LPwqgxKAQGuu/IWUfHx4DgzFEhXduLWC97fhUY5nLs6',1,NULL,NULL,NULL),(303,12100,'CHUKWUEBUKA JOSHUA CHIDIENEM','chukwuebuka.chidienem@ncdmb.gov.ng',NULL,6,1,'Staff','Blocked','$2y$10$DaSKcUx2Nxk9pEmRVqZRhOtxEFMj3V2xukW8Zdl23qAM8hp8c5HAe',1,NULL,NULL,NULL),(304,12087,'VICTOR BABARINDE OLUMUYIWA','victor.muyiwa@ncdmb.gov.ng',NULL,6,1,'Staff','Blocked','$2y$10$zXwbzn6pizJHdSGLBmEaPuPlVhTMftBIdDJypTSWFdHJzNLF0bwES',1,NULL,NULL,NULL),(305,11071,'RICHARD ADEOLA','richard.adeola@ncdmb.gov.ng',NULL,6,1,'Staff','Blocked','$2y$10$oB6.RLC.PJtp6bGVbnqo0Of3K/Oy4FWAbncEufvPFUR.ZZIPmm/Ye',1,NULL,NULL,NULL),(306,11125,'ANTHONY WOYENGIDINIPRE','woyengidinipre.anthony@ncdmb.gov.ng',NULL,6,1,'Staff','Blocked','$2y$10$nhcmH5Ysm1Yp3sAngUwQqOlmiD7S1gI9xJCmD93HDX4JNqg9IMU02',1,NULL,NULL,NULL),(307,14224,'LILY FUNAKPO WARRI','lilly.warri@ncdmb.gov.ng',NULL,6,1,'Staff','Blocked','$2y$10$o4k1Ajv0RKgKjMGpKeiv.OlxGRWMb/NAMcDvJg0Ox9LWotgexSZzG',1,NULL,NULL,NULL),(308,14248,'JOHN RICHARD TORU','john.toru@ncdmb.gov.ng',NULL,6,1,'Staff','Blocked','$2y$10$3PVA44gayQkboWC1ztf.F.Yux65Sy4iJP2ORTXBBceiX380Aq7awS',1,NULL,NULL,NULL),(309,12163,'PATRICK OPUOWEI JUNE ','patrick.june@ncdmb.gov.ng',NULL,6,1,'Staff','Blocked','$2y$10$u3RIMJW9CVmm/X6U5JIp2eD3.tao.lBn6Gf8u/Mdlkv4WmEMOQNFK',1,NULL,NULL,NULL),(310,12155,'DAVID OPARA','david.opara@ncdmb.gov.ng',NULL,6,1,'Staff','Blocked','$2y$10$KdJUFfSBGOF6.htYtfeSa./4XNcSheh03QO2cCxVh0kXadgN1PDIO',1,NULL,NULL,NULL),(311,14222,'ADEOLA OYINOLA OMOLE','adeola.omole@ncdmb.gov.ng',NULL,6,1,'Staff','Blocked','$2y$10$OI4Z7tM6libZLUwjupRTZOwAxBRZG2PxI/qBQSCOBNp5gkUgaUFYy',1,NULL,NULL,NULL),(312,12152,'TONARI OGIASA','tonari.ogiasa@ncdmb.gov.ng',NULL,6,1,'Staff','Blocked','$2y$10$aBu/4BGH3JBhFChFt9Vc3.i6hLSFmFldweswLA7T7iqxNAVGXSfte',1,NULL,NULL,NULL),(313,12166,'PATRICK OBAH','patrick.obah@ncdmb.gov.ng',NULL,6,1,'Staff','Blocked','$2y$10$sGSsUFdHW5XCnpOVxIBaD./sfe/2v9kAtk7AZ3q/6QhltZGXt4cBu',1,NULL,NULL,NULL),(314,11132,'BLESSING CHISA KENNETH','blessing.kenneth@ncdmb.gov.ng',NULL,6,1,'Staff','Blocked','$2y$10$Mijnxm4KgIg6GGAdzHyOyu9fCaWB0kC8zgqB1hr1R2l6gyqMbkErG',1,NULL,NULL,NULL),(315,12102,'JONATHAN AMARACHI NJOKU','jonathan.njoku@ncdmb.gov.ng',NULL,6,1,'Staff','Blocked','$2y$10$npYHbsDgUl9KVcbZyFcAFuuIuTNEdOknRCIsQoOx4lQAQRafhoimS',1,NULL,NULL,NULL),(316,12134,'ADEMOLA KAKA','ademola.kaka@ncdmb.gov.ng',NULL,6,1,'Staff','Blocked','$2y$10$eZDIIlWe8h2kN2kKZX/Iu.ScHyDxu6i9NJkUt8ln6rlAU2ddF6eKK',1,NULL,NULL,NULL),(317,22379,'SIMON UTSU UTSU-INGWU','simon.utsu-ingwu@ncdmb.gov.ng',NULL,16,1,'Staff','Blocked','$2y$10$E9tkpCQ9YmYLH06kQEpB1.jGaQ1d8LbV4xDysmnWTYYa8aJFB8bmu',1,NULL,NULL,NULL),(318,22370,'GODSPOWER DIGIENENI','godspower.digieneni@ncdmb.gov.ng',NULL,16,1,'Staff','Blocked','$2y$10$uthQ6iQ6Ui2k5NueB03eTOFRWAZZCrox7p4NdTvd6i7yHS3VIQzju',1,NULL,NULL,NULL),(319,22415,'MAGNUS DAVID ADIBE','magnus.adibe@ncdmb.gov.ng',NULL,16,1,'Staff','Blocked','$2y$10$vaTf8exAC7dHuZjcAcrkourACtKkvL4HQchvb/JGjkl8lih5xuPs2',1,NULL,NULL,NULL),(320,20324,'OLUWATOMIWA ISSACHAR','oluwatomiwa.issachar@ncdmb.gov.ng',NULL,16,1,'Staff','Blocked','$2y$10$fybN50/rC1JizqvLT.Km4OlUH.3EEGEwV7lLZS5uBFBZturkjJ/zG',1,NULL,NULL,NULL),(321,11131,'HAUWA ABUBAKAR HAMISU','hauwa.hamisu@ncdmb.gov.ng',NULL,16,1,'Staff','Blocked','$2y$10$5laxinTLXm6AEVsJamEQTevxA31X3xwq4v4GpVaKyEEB7tJ6gAUim',1,NULL,NULL,NULL),(322,13193,'ZUWAIRAT ASEKOME','zuwairat.asekome@ncdmb.gov.ng',NULL,16,1,'Staff','Blocked','$2y$10$iGLJwZzcDDqs8LYiM9fUqO4rM1NcRj597FY2djHKXGCBN7ihAyxLq',1,NULL,NULL,NULL),(323,11119,'KELLY ODIA OLAYE','kelly.olaye@ncdmb.gov.ng',NULL,16,1,'Staff','Blocked','$2y$10$qTb5DGuZ1HFf6N76d5llg.EWsyH0XC4aP2yA5RN50otgJdtIYwARS',1,NULL,NULL,NULL),(324,14259,'OLUBISI JOHN OKUNOLA','olubisi.okunola@ncdmb.gov.ng',NULL,16,1,'Staff','Blocked','$2y$10$iuvVdCMWZTDcXgo58YaS1O/vgQ60TFnEk2RSsSJImwpVz5VbKnAq6',1,NULL,NULL,NULL),(325,12143,'SYLVIA CHIDINMA JOSH-OGWO','sylvia.josh-ogwo@ncdmb.gov.ng',NULL,16,1,'Staff','Blocked','$2y$10$2pgAKpWPbPgLTfk.ktmMrOP8slzOdpVlmvtE7dNXatt3Zi8n7m5Ua',1,NULL,NULL,NULL),(326,11123,'PAUL NIKADE','paul.nikade@ncdmb.gov.ng',NULL,16,1,'Staff','Blocked','$2y$10$J329DRxKss5Xdyhw1JuKpu7OpIMcDukmktgJxaRtzxvmoYZmE.ltm',1,NULL,NULL,NULL),(327,22417,'KAZEEM OMOTAYO BELLO','kazeem.bello@ncdmb.gov.ng',NULL,23,1,'Staff','Blocked','$2y$10$bS9CAyKJTiMteYSWL4B4GeuwUokdN3N6FinTGQBcvwJ/ZMQQRiTre',1,NULL,NULL,NULL),(328,12111,'JULIET CHINYERE IGWE','juliet.igwe@ncdmb.gov.ng',NULL,23,1,'Staff','Blocked','$2y$10$/CBgvJjJZanYCI93Vtu0I.0Uv954oHpvslGksCo8IOHatvGOrSR6K',1,NULL,NULL,NULL),(329,11064,'GINAH OTONYE GINAH','ginah.ginah@ncdmb.gov.ng',NULL,23,1,'Staff','Blocked','$2y$10$PORLrSCKFy0ClwfKx2ZX9.si8U/zOlMJ2cyfJNl8m0a1DqJ2sXzlK',1,NULL,NULL,NULL),(330,11072,'FLORENCE EDUN GEORGE','florence.george@ncdmb.gov.ng',NULL,23,1,'Staff','Blocked','$2y$10$/J52ypJYKFzT5j7XDGRRj.S8AXKiqUnEuFBWNF63YUpfcWf.y9ZIm',1,NULL,NULL,NULL),(331,12103,'ZUOWEI PHOTO FROFOUN','zuowei.frofoun@ncdmb.gov.ng',NULL,23,1,'Staff','Blocked','$2y$10$rV95iF4gQRsePqHXrKTmBeoGszYwib6n11lqRHUgbLEXhF6n2qbPC',1,NULL,NULL,NULL),(332,13186,'SIMEON OGHENEMAWA ESIEKPE','simeon.esiekpe@ncdmb.gov.ng',NULL,23,1,'Staff','Blocked','$2y$10$dV30.j7UnxCsJez/hvBwJuKUbbk/lpAmQf6cTfMy1wvt39.7DP/Wq',1,NULL,NULL,NULL),(333,13199,'BLESSING IME EKPE','blessing.ekpe@ncdmb.gov.ng',NULL,23,1,'Staff','Blocked','$2y$10$Qr9rSNSM2RDr4f4FSGJWGeh7p3/9kK73NSI85o5uZiID/yp7EVtr.',1,NULL,NULL,NULL),(334,12113,'DALLAS ASANGOLO','dallas.asangolo@ncdmb.gov.ng',NULL,23,1,'Staff','Blocked','$2y$10$UvAYT6DbSp61zBJjw1M.3OVWoBSg8OM6SS6JlIJ9P1DqDv6e2eCVm',1,NULL,NULL,NULL),(335,12162,'PREYE SUSAN AMANGALA','preye.amangala@ncdmb.gov.ng',NULL,23,1,'Staff','Blocked','$2y$10$gEOgRDmD2YKkxtex7BhSk.5khqA13lU2YNwjCwedLtix8jhX447AW',1,NULL,NULL,NULL),(336,14228,'BENEDICTA OGURU ALLISON','benedicta.allison@ncdmb.gov.ng',NULL,23,1,'Staff','Blocked','$2y$10$9/fubDu0C713Le9eajzSTerjA5ghFscAuFaf4mG5sGZr1So/rq3zm',1,NULL,NULL,NULL),(337,10042,'AKPAN UKPONG ISAAC','akpan.isaac@ncdmb.gov.ng',NULL,23,1,'Staff','Blocked','$2y$10$XyAiLEj6rsicbL.egZM8H.9VDrV93G5hsNpMMGeY3k4Po16Auuwte',1,NULL,NULL,NULL),(338,20338,'IDAGBO UKAN','ukan.idagbo@ncdmb.gov.ng',NULL,23,1,'Staff','Blocked','$2y$10$3Zh6wVexBNFTk9eYctvgTO7ePv9eptdKJasFTZYfGm7BruGOBocMa',1,NULL,NULL,NULL),(339,11074,'BETHAR CHUWUEMEKA ALARIBE','bertha.alaribe@ncdmb.gov.ng',NULL,23,1,'Staff','Blocked','$2y$10$aKKhDTLBCwPPUoZtmuhBmeaP3k08UFQPWrK9pk5kO7Egh4i6bRgdm',1,NULL,NULL,NULL),(340,11067,'TAREOWEI BUFAZI','tareowei.bufazi@ncdmb.gov.ng',NULL,23,1,'Staff','Blocked','$2y$10$vE12rKAsOTHOZr6u975CZ.iBGL8bfrY7R8UAzD3oEarghjtD9yBT2',1,NULL,NULL,NULL),(341,14218,'JOSEPH ADEBAYO','joseph.adebayo@ncdmb.gov.ng',NULL,23,1,'Staff','Blocked','$2y$10$8zxU7VYlkWCbmngA3AQI0eZodzoMzaxvSwLg5OL.2UUH62aSm.Aem',1,NULL,NULL,NULL),(342,14233,'SANJU UMUKO','sanju.umuko@ncdmb.gov.ng',NULL,23,1,'Staff','Blocked','$2y$10$nhRRcAviAeymOkm7ju.Qxu0lhynPZo7AuKVxMqFieZMVP0tToVUBW',1,NULL,NULL,NULL),(343,10039,'EMMANUEL OHANYERE','emma.ohanyere@ncdmb.gov.ng',NULL,23,1,'Staff','Blocked','$2y$10$9A.guKdN0PZXCVv5K/j6ROS6uGN0WhOw9ZMSPQNrnyuVpI9/U0aJm',1,NULL,NULL,NULL),(344,12108,'UDUAK SILAS OBOT','uduak.obot@ncdmb.gov.ng',NULL,23,1,'Staff','Blocked','$2y$10$8w5ev0qIzutqZ8KA8k6r..ICV6GvuLjF6l9DPNkRm6.in2/O6zcrO',1,NULL,NULL,NULL),(345,14246,'PIRIYE BLESSING NYINGIEREREFAKA','piriye.nyingierefaka@ncdmb.gov.ng',NULL,23,1,'Staff','Blocked','$2y$10$.ghKn0LxQjVj5hcMsa3XVO1fb9UAdFVMRhfvFNrbc7FfNGd91f4XO',1,NULL,NULL,NULL),(346,14229,'NWOBI CHINEDU KENNEDY','nwobi.kennedy@ncdmb.gov.ng',NULL,23,1,'Staff','Blocked','$2y$10$9CPcrl9LdUvc669JNH0NiuH0J/65Ir7NRUi9P.NyQr8bN2ZCI8Fae',1,NULL,NULL,NULL),(347,12086,'CHINENYE OBIAGERI NWAUWA','chinenye.nwauwa@ncdmb.gov.ng',NULL,23,1,'Staff','Blocked','$2y$10$IChKDy/NDCwV/PvEb0b6iOxZHwMpAvdnr9pZtDf557hAUY..VQtbu',1,NULL,NULL,NULL),(348,13204,'LAMIEDOR HENRY ALOGIDI','lamiedor.alogidi@ncdmb.gov.ng',NULL,23,1,'Staff','Blocked','$2y$10$pHkpmGUmSvEdhXcGrCJNK.c2gFs5HqyE2JPn5PwflvH5WY.pgGM2a',1,NULL,NULL,NULL),(349,1000,'Alkali Ali','alkali.ali@tiic.ncdmb.gov.ng',NULL,24,1,'Contract Staff','Blocked','$2y$10$87EigecS6PKrG6oWQd24yOVwiX.WcJaKTSPhyXd0O7ZR12dOR9q1u',1,NULL,'2023-05-26 18:36:09','2023-05-26 18:53:19'),(350,1001,'Okunbiri','okunbiri@tiic.ncdmb.gov.ng',NULL,24,1,'Contract Staff','Blocked','$2y$10$UcqRk8wKIkcQDO4Pi2CNi.1chnQwGhc/5Y06HtkrUTsB4QzewZoIS',1,NULL,'2023-05-26 18:37:58','2023-05-26 18:37:58'),(351,1002,'Rosemary Obaseki','rosemary.obaseki@ncdmb.gov.ng',NULL,20,1,'Staff','Blocked','$2y$10$bpqZCA3LpznzlXJgJZx3ruccNShDCGxR/c4Q7eScMq5TXRb1hdYbS',1,NULL,'2023-05-26 19:30:32','2023-05-26 19:30:32'),(352,1003,'Paingha Success Toru','paingha.toru@ncdmb.gov.ng',NULL,20,1,'Staff','Blocked','$2y$10$B19NNVYQggqx0e/9ubodWOWIJuGp2so5HnUThB05T9xdZhnt4PIne',1,NULL,'2023-05-26 19:31:54','2023-05-31 13:32:19'),(353,1004,'Corper Ola','corper.ola@gmail.com',NULL,1,1,'Adhoc Staff','Active','$2y$10$73pmb/FlHqQ9iled3nNVYudpJMDOQp4ruuXa8Gkyr8uMatuwQbnVS',0,NULL,'2023-05-27 11:16:08','2023-07-17 11:19:21'),(354,1005,'Corper Emmanuel','corper.emmanuel@gmail.com',NULL,1,1,'Adhoc Staff','Blocked','$2y$10$2P7Qfpt1KyojdcjyhHh7GOJsfBJ0EMmVgtgl3u8RTRIugqELstwCq',1,NULL,'2023-05-27 11:16:35','2023-07-12 12:56:06'),(355,1456,'Elias Elizabeth','elizabethelias960@gmail.com',NULL,1,1,'Adhoc Staff','Blocked','$2y$10$q.x4RjLEA4aKKvIj2fvnRe4sPVgFKqgIDjP7dsTrLUcRT.jcVlQWa',1,NULL,'2023-05-27 11:17:03','2023-05-30 11:40:44');
/*!40000 ALTER TABLE `staff` ENABLE KEYS */;
UNLOCK TABLES;
/*!40103 SET TIME_ZONE=@OLD_TIME_ZONE */;

/*!40101 SET SQL_MODE=@OLD_SQL_MODE */;
/*!40014 SET FOREIGN_KEY_CHECKS=@OLD_FOREIGN_KEY_CHECKS */;
/*!40014 SET UNIQUE_CHECKS=@OLD_UNIQUE_CHECKS */;
/*!40101 SET CHARACTER_SET_CLIENT=@OLD_CHARACTER_SET_CLIENT */;
/*!40101 SET CHARACTER_SET_RESULTS=@OLD_CHARACTER_SET_RESULTS */;
/*!40101 SET COLLATION_CONNECTION=@OLD_COLLATION_CONNECTION */;
/*!40111 SET SQL_NOTES=@OLD_SQL_NOTES */;

-- Dump completed on 2023-07-18 17:06:31
